Rot 1,Rot 2,Rot 3,Trans X,Trans Y,Trans Z,Score_6D_pose,Score_Yolo,Name,Trans X icp,Trans Y icp,Trans Z icp,Rot 1 icp,Rot 2 icp,Rot 3 icp,RMSE icp,Trans X cam,Trans Y cam,Trans Z cam,N points icp,icp,gripping_result,Alone
0.04837087234,-0.16406481,0.4461652852,0.4045296303,-0.1046054546,0.2569740365,0.9829753041,0.9252929688,horse,0.390699743,-0.1089586089,0.2680541742,-0.0009145520445,-0.06757001668,-0.3500530722,0.005588469533,0.09322110564,0.05644863099,0.3389575481,2054,TRUE,TRUE,TRUE
0.1134855367,0.1502520521,-0.8648936235,0.406954131,-0.1093155187,0.248877493,0.7391512394,0.9262695313,horse,0.3834411545,-0.1133485,0.2677676271,-0.04699663484,-0.09973290876,-0.9155578196,0.006363243999,0.09935934097,0.0631307438,0.3426428437,1190,TRUE,TRUE,TRUE
0.1151476126,0.2035603406,-0.8255085845,0.4306140084,0.0118523834,0.2607253749,0.7225961089,0.9067382813,horse,0.4243797878,0.006984109909,0.263730837,0.01550906803,-0.05521722218,-0.5876070128,0.006411102944,0.008855479769,0.06129884347,0.361405611,1114,TRUE,TRUE,TRUE
0.05383395934,0.09751388644,-0.9635078508,0.4428649827,-0.04526807596,0.2519822956,0.8412728906,0.9248046875,horse,0.4287981099,-0.05024955674,0.2646162043,-0.04052171271,-0.01780495212,-0.9958661936,0.006286127021,0.06487500668,0.02729248814,0.3968872428,1185,TRUE,TRUE,TRUE
0.1073839448,0.1036665061,-0.9887943438,0.4966113472,-0.1007904645,0.2678569317,0.7345234156,0.9111328125,horse,0.4958712588,-0.09913138499,0.2664018072,-0.005564991978,-0.01039118004,-0.9008117286,0.005156762721,0.1376250833,0.04945620894,0.3955622017,1325,TRUE,TRUE,TRUE
0.1447856688,0.1094747077,-0.9799251207,0.4937188853,-0.004885379253,0.271008434,0.7126174569,0.9086914063,horse,0.5071288563,0.00551538805,0.2616649678,0.005490911221,-0.01692983272,-0.9496937474,0.006481404211,0.05682872981,-0.02370525897,0.4405741394,764,TRUE,TRUE,TRUE
0.0816434182,-0.170610075,-0.9626383853,0.4302613332,0.1122444048,0.2776045422,0.8329518437,0.9213867188,horse,0.4245503256,0.1190729137,0.2847665685,0.01588897527,-0.06344887829,-0.9797686375,0.006344097044,0.04936637357,0.06946153939,0.3347534537,1274,TRUE,TRUE,TRUE
0.05856494923,0.175373639,-0.6785204635,0.4254672726,-0.08349546211,0.2561233372,0.9605981708,0.9252929688,horse,0.4117959278,-0.08374259331,0.2680461147,-0.03236739412,-0.08814704113,-0.4028704448,0.005725416206,0.08573822677,0.09106452763,0.3629302084,1505,TRUE,TRUE,TRUE
-0.01842143281,0.03631987589,0.5315974256,0.4088075,0.1590796688,0.2346494157,0.8811974525,0.9047851563,horse,0.3938504144,0.1301565383,0.261215024,-0.001696623422,-0.07594651461,-0.3834130454,0.006618018809,-0.1727578491,0.05772115663,0.4349408746,998,TRUE,TRUE,TRUE
0.08271273417,0.01098306272,-0.9455426285,0.496864832,-0.09983308028,0.2722216098,0.8193828464,0.9189453125,horse,0.5101193913,-0.09670247515,0.2618375454,-0.02353492339,-0.07885074279,-0.9952514692,0.007729689296,0.1376021504,-0.004240181763,0.3947722316,740,TRUE,TRUE,TRUE
0.04242707932,-0.1646743709,0.4182244618,0.5416390055,0.003352863171,0.258140444,0.7352636456,0.90625,horse,0.5313783261,0.003236584706,0.2620256435,0.03223199664,0.01234068798,0.2593620345,0.006779041727,0.07759297639,-0.03959630057,0.4837609828,537,TRUE,FALSE,TRUE
0.08330433192,0.03049118897,-0.9728848249,0.4576319556,0.07671708069,0.2661672883,0.8481612802,0.8974609375,horse,0.4601694318,0.08263120735,0.2643141233,-0.08546528914,-0.09254892394,-0.9917018739,0.006144873928,-0.03110675514,0.02941684797,0.4587585032,717,TRUE,FALSE,TRUE
0.07099715662,-0.1413519423,0.2859138082,0.4530991137,-0.07607603267,0.2555894882,0.8579362631,0.9125976563,horse,0.4398853173,-0.07652776514,0.263841389,0.02105265088,0.05657430382,0.2460180785,0.005834545169,0.09614048153,0.02609546296,0.3863446116,1365,TRUE,TRUE,TRUE
0.0403881839,-0.1171388833,0.3805014989,0.4179973225,0.08515034184,0.2553230744,0.966932416,0.9140625,horse,0.4107679655,0.08170168193,0.265151844,-0.02147279818,-0.09629872797,-0.3570321695,0.006235906689,-0.05880431458,0.0554533489,0.392744422,1208,TRUE,TRUE,TRUE
0.1211675612,-0.04043693046,-0.4832542946,0.5151654424,-0.09640080454,0.2548039092,0.7565768957,0.9077148438,horse,0.5027646875,-0.09609048791,0.2670245214,0.01726797313,-0.01632218589,-0.2421052082,0.005822815896,0.1459703445,0.04829457775,0.3670178652,1218,TRUE,TRUE,TRUE
0.1140207277,0.1160892216,-0.9535968467,0.4109056356,0.1009117545,0.2595795858,0.8702436686,0.8969726563,horse,0.4092859659,0.0999173697,0.2627248423,-0.06498301369,-0.0325065308,-0.9957833451,0.006548881995,-0.07593218982,0.05212805048,0.3934440315,989,TRUE,TRUE,TRUE
0.0960082922,0.06975742833,-0.9922906834,0.4853402093,-0.0854350759,0.2597077744,0.8811491728,0.9033203125,horse,0.4736810812,-0.08544659116,0.2675848626,-0.05167038133,0.0160438586,-0.9677043221,0.006072645716,0.1203159466,0.05860772729,0.4000423849,1259,TRUE,TRUE,TRUE
0.01433441618,-0.1662067503,0.5086099857,0.4160818387,0.05488713127,0.2590047738,0.7440081835,0.9091796875,horse,0.4119152513,0.05900405663,0.2627073367,0.05001384952,0.04788780538,0.2897809934,0.005729160106,-0.0338752158,0.01197332889,0.4249489605,1029,TRUE,TRUE,TRUE
0.01271374717,-0.1980515928,0.6508753589,0.3964802287,0.03541141199,0.2572093625,0.7186094522,0.9145507813,horse,0.3858688946,0.03003365403,0.2643218772,0.002507342948,0.07762064975,0.1899923356,0.005530917773,-0.02751850523,0.02830418013,0.4032121897,1201,TRUE,FALSE,TRUE
0.1437208271,0.02024963734,-0.8395212839,0.4721778403,-0.04200764444,0.2561278215,0.8093292713,0.9047851563,horse,0.4596280909,-0.04599748872,0.2639547078,-0.1011304166,-0.03968842119,-0.9304850725,0.006000755245,0.0781468004,0.0088205887,0.416018486,1173,TRUE,TRUE,TRUE
0.08569832838,0.07789537877,-0.9020744725,0.3939444991,0.1232598111,0.2414545929,0.8064367175,0.8896484375,horse,0.3772477191,0.1050030968,0.2626327448,-0.004415110925,0.08801071724,-0.8612837726,0.006473243646,-0.102072835,0.07071316242,0.4031388164,1090,TRUE,FALSE,TRUE
0.07599890439,0.09768641984,-0.9492991303,0.5103093091,-0.05675182708,0.2581392851,0.8108611703,0.908203125,horse,0.4996760871,-0.06022614843,0.2653379297,-0.01072893395,-0.04078423424,-0.9714436965,0.006040946482,0.1099336147,0.039290905,0.381677568,1434,TRUE,TRUE,TRUE
0.1170911221,-0.1175757783,0.3342076997,0.5664899833,-0.1210493009,0.2539493463,0.9136831164,0.8837890625,horse,0.5375351213,-0.1226326323,0.2703697745,0.03403568721,0.04021220724,0.129839715,0.007917943897,0.1953833103,-0.01926597767,0.4408292174,599,TRUE,FALSE,TRUE
0.08734727,0.02193145816,-0.99517292,0.4412871389,0.1039021445,0.2514831854,0.7783002257,0.9038085938,horse,0.4295973341,0.09721101114,0.2599874328,-0.09344817821,-0.07593781622,-0.9575770423,0.00587621479,-0.06007042527,-0.006111570634,0.4704833329,933,TRUE,TRUE,TRUE
-0.01439579797,-0.03044757937,0.5461101397,0.4112086061,0.07129189652,0.2436378974,0.8513008356,0.9145507813,horse,0.3976839676,0.06013078611,0.2636123374,-0.007551530551,-0.06816105229,-0.4644121033,0.005310469771,-0.04916818067,0.0722906664,0.4375307858,1266,TRUE,TRUE,TRUE
0.0242897781,-0.01291356067,0.2974258004,0.4276422059,-0.005389901589,0.2512151212,0.8598254919,0.9077148438,horse,0.4169437069,-0.006752688354,0.2626223748,0.01675132659,0.02820439551,0.2256853354,0.005417022338,0.02407075651,0.02679965831,0.4070204496,1570,TRUE,TRUE,TRUE
0.1083239656,-0.008125011707,-0.8854010497,0.5083661565,-0.02194697548,0.2470586839,0.8961007595,0.9047851563,horse,0.491083665,-0.03319132585,0.2630742288,-0.03262459231,-0.0607234641,-0.8650256932,0.005479388321,0.0313333571,0.03864397854,0.4038211107,1329,FALSE,FALSE,TRUE
0.1868100416,-0.006607998014,-0.8695154804,0.4718200612,-0.09237725186,0.2588299533,0.8037363291,0.9077148438,horse,0.4621098485,-0.09351094083,0.2675054337,-0.06229261164,-0.04407580582,-0.9084567082,0.005827194366,0.1186204925,0.06746194512,0.3879865706,1304,FALSE,TRUE,TRUE
0.0468323596,-0.007197468993,-0.9347712088,0.3873238512,0.03467206583,0.2538571601,0.8932857513,0.9135742188,horse,0.3802265554,0.03081950048,0.2643139453,-0.08401245849,-0.03128532861,-0.9708737054,0.005988703726,-0.03253797069,0.0845920071,0.3975933194,1979,FALSE,TRUE,TRUE
0.01281809017,-0.05924786966,0.6881383861,0.3781443686,0.1191900222,0.2505186005,0.8702847958,0.92578125,horse,0.3687037322,0.1113329271,0.2586708376,-0.0169666842,-0.08776362353,-0.456002388,0.005286247927,-0.1072416604,0.02397344448,0.4364100695,2054,FALSE,TRUE,TRUE
-0.01420702482,-0.119174589,0.663885561,0.4684501526,-0.04004114897,0.2479423241,0.8488719463,0.9169921875,horse,0.4507489172,-0.04571231732,0.2644634839,0.01663209904,-0.06586518173,-0.3861591781,0.005826317637,0.0745786503,0.06448706985,0.3675569296,1609,FALSE,TRUE,TRUE
0.05804890025,-0.04315255961,-0.4431172952,0.3930214784,0.08295127972,0.2384730784,0.8383234143,0.90234375,horse,0.3815301818,0.0601748205,0.2628493239,-0.02955947369,-0.0008780518778,-0.6711045479,0.006632350813,-0.1190668941,0.08095252514,0.3837864101,1082,FALSE,TRUE,TRUE
0.04787448182,0.05261302494,-0.9633622475,0.4936997376,-0.05454210142,0.2492366133,0.9178709984,0.9057617188,horse,0.4751420896,-0.05805770571,0.2659716547,-0.07198814963,-0.03602971568,-0.9962492777,0.006475409457,0.09969067574,0.05449632183,0.3767855763,1342,FALSE,TRUE,TRUE
0.05544416057,-0.03717444357,0.6574784781,0.4144806112,-0.07094288466,0.2410574723,0.9209157825,0.9233398438,horse,0.3904242155,-0.07810870862,0.2667935017,-0.02187731677,-0.067052641,-0.3555689638,0.006049674586,0.07221473753,0.05726844072,0.3711441755,1494,FALSE,TRUE,TRUE
0.02898734277,-0.06766446815,0.4763117861,0.4580426411,0.0564880197,0.2511881016,0.7887525558,0.908203125,horse,0.4434637753,0.05081021608,0.26327749,0.01828237185,0.06076700349,0.2094241969,0.006186745134,-0.01116962545,-0.002726798179,0.4583408535,812,FALSE,FALSE,TRUE
0.09012510208,0.09145729997,-0.9822949745,0.4777126181,-0.07733147202,0.2512136954,0.9082093239,0.9033203125,horse,0.4601754347,-0.0796921719,0.2678205117,-0.05329273299,0.01031850729,-0.8784886765,0.005870308751,0.1096889302,0.06745208055,0.4036124647,1162,FALSE,FALSE,TRUE
-0.02246391701,-0.01197099169,-0.172484268,0.3957691261,0.08360779117,0.2695614566,0.9944777489,0.921875,horse,0.389332339,0.1053697425,0.2838169482,-0.06412500831,0.02076346689,0.3594189375,0.007027060815,0.0945841223,0.07463174313,0.3344683051,1125,FALSE,FALSE,TRUE
0.0334473547,-0.09062765843,0.6251864857,0.4094916406,0.0472834812,0.2481263466,0.8438934088,0.9116210938,horse,0.3946483387,0.03830319072,0.2628140858,0.02174078143,0.05740973401,0.2369875516,0.005821511448,-0.02956703678,0.02592629567,0.4227266312,1072,FALSE,FALSE,TRUE
0.05799060199,0.03763987893,0.6058719757,0.4070722863,-0.08048907732,0.2491213535,0.9205300212,0.921875,horse,0.3896002889,-0.08452951858,0.2686395654,-0.04017622123,-0.110481028,-0.4086076519,0.006367982605,0.07589314878,0.05641331151,0.3569129109,1473,FALSE,TRUE,TRUE
0.02551087676,0.001194773479,0.500956304,0.4061407527,0.06198430625,0.2388251877,0.915368557,0.9184570313,horse,0.3820237013,0.04660257158,0.2644047823,-0.04762496314,-0.1155578322,-0.4261065096,0.006299760214,-0.04263501614,0.03246136755,0.4330754578,1054,FALSE,FALSE,TRUE
0.03959959284,-0.02146207562,-0.9054004976,0.5022795039,0.007855792545,0.2360563574,0.9240875244,0.90234375,horse,0.4736897827,-0.009952330463,0.263746853,-0.07749371061,-0.01424423338,-0.8682064685,0.006126855922,0.003222367028,0.04389248416,0.4208258688,1197,FALSE,FALSE,TRUE
0.03364316118,-0.1951227134,0.5712858954,0.3984115264,0.02846321353,0.2555138674,0.7869371176,0.9174804688,horse,0.3875979046,0.02435022041,0.2637828287,-0.04599252282,-0.06984375603,-0.4101958742,0.005514643552,-0.02115247585,0.02985931002,0.401982069,1224,FALSE,FALSE,TRUE
0.1378926801,0.1279593725,-0.9430224626,0.4187783347,-0.06720504887,0.2573617946,0.9703421593,0.9111328125,horse,0.4047643645,-0.06919943128,0.2674164275,-0.08072980865,-0.02352393533,-0.9877216252,0.005902981663,0.06922327727,0.08991282433,0.3658591509,1550,FALSE,TRUE,TRUE
0.07806297736,0.1379059051,-0.8492966884,0.4572894061,-0.08512094894,0.2524775484,0.969486177,0.9125976563,horse,0.4410962634,-0.08839740321,0.2674264291,-0.02278629116,-0.1240869881,-0.6273897086,0.006173223641,0.1051558778,0.07712073624,0.3353277445,1313,FALSE,FALSE,TRUE
0.1153912039,0.02808682967,-0.9857586043,0.374077886,0.05199540681,0.2574504798,0.9518754482,0.9145507813,horse,0.3667005496,0.04778928611,0.258557621,-0.0120807598,0.004653325743,-0.9608029728,0.005023906488,-0.05389006436,0.03580522165,0.3963615596,3597,FALSE,TRUE,TRUE
0.06580957724,0.04002207253,-0.9861040852,0.4534575204,0.05277311735,0.2588692704,0.7707811594,0.91015625,horse,0.4539578786,0.05575560452,0.2599736572,-0.1160028221,-0.05765187137,-0.979772578,0.005851324477,-0.01134942193,-0.005904711783,0.4492145479,941,FALSE,TRUE,TRUE
0.07196980246,0.06142980475,-0.9428056171,0.457696515,-0.07092718754,0.2503573884,0.8349133134,0.919921875,horse,0.4397397448,-0.07463570948,0.2650864885,-0.07051105538,0.01374635452,-0.9197323017,0.00571943552,0.09508637339,0.02741350047,0.3948860168,1388,FALSE,TRUE,TRUE
0.1441505271,0.1467899105,-0.8922041948,0.4014927025,-0.06163222613,0.261001065,0.7972378731,0.919921875,horse,0.3931192845,-0.06221575215,0.2659823169,-0.005757606834,0.006333054598,-0.9971197787,0.00610462117,0.05547239259,0.04516587034,0.3561450839,1427,FALSE,TRUE,TRUE
0.03146261879,-0.1385853532,0.5261326173,0.383725344,0.1431192444,0.2593615055,0.7829983234,0.9140625,horse,0.3792377841,0.1375752118,0.2594988561,0.01436876594,-0.05327537417,-0.4148888336,0.006157159639,-0.1246380508,0.008141078986,0.447237283,1049,FALSE,TRUE,TRUE
0.02817185537,-0.1004694993,0.4418127863,0.4264416137,-0.07941031721,0.252441916,0.9540506601,0.916015625,horse,0.4102909902,-0.08147596781,0.266736473,-0.006849202767,-0.1094596968,-0.304775784,0.006244124354,0.0850065425,0.04358131811,0.3686230183,1615,FALSE,TRUE,TRUE
0.09133381156,0.1477885237,-0.9596221024,0.4305577363,0.03951644681,0.256197708,0.7350453138,0.9018554688,horse,0.4234308099,0.03204481508,0.2638028671,-0.07577958023,-0.04842224429,-0.9829163041,0.006630664821,-0.01358224172,0.05919702351,0.3778067827,1117,FALSE,TRUE,TRUE
0.09517360882,0.2035926758,-0.7594713589,0.4768870854,-0.05886340269,0.2584757509,0.7398641109,0.8818359375,horse,0.4675798682,-0.0603128496,0.2629446225,-0.05437349345,-0.2076581237,-0.5666667257,0.006825553013,0.09426921606,0.008269806392,0.4093266129,801,FALSE,TRUE,TRUE
0.04361879771,0.08387846143,-0.9735220278,0.3630129691,0.1161943806,0.255647499,0.7279551625,0.9038085938,horse,0.3610950212,0.1119674878,0.2581268517,-0.06295523399,-0.08176485388,-0.9599958611,0.006015249843,-0.1133866161,0.02815226093,0.4219033718,1425,FALSE,TRUE,TRUE
0.01264379511,0.01082370277,0.3248994658,0.4173181135,-0.03880038287,0.26355277,0.9609827995,0.9252929688,queen,0.4062927783,-0.04318387042,0.2631835396,0.001487575786,-0.03542776367,-0.3481757439,0.006591693579,0.04516846972,0.02968955891,0.3766183463,952,FALSE,TRUE,TRUE
0.04531469238,0.02031796258,0.1728396869,0.503422103,-0.09593345976,0.2685906715,0.74464643,0.9296875,queen,0.4855245779,-0.09364768714,0.2643390474,-0.00544457465,0.01593218463,0.2454293621,0.006920187763,0.1389984103,-0.005233664877,0.4029190806,869,FALSE,FALSE,TRUE
-0.01684152183,-0.05899700473,0.3378365508,0.3899692128,0.04030181753,0.2701385514,0.784207046,0.9272460938,queen,0.3934994008,0.04181473237,0.2641902972,-0.03468453109,-0.005278698318,-0.3476011201,0.006791724192,-0.03745846441,0.06900058001,0.3932678423,1080,FALSE,TRUE,TRUE
0.02491653714,-0.005727688807,0.1603136053,0.4878053088,-0.02555592449,0.266351873,0.8387316465,0.9106445313,queen,0.4783074496,-0.02679678961,0.2631171207,-0.01939410664,-0.01283235596,0.2064406221,0.006206643332,0.07033680338,0.03588828575,0.3779330349,1127,FALSE,TRUE,TRUE
-0.09343194998,0.02575299101,0.5140311502,0.4715542911,0.15210537,0.260844854,0.7203757763,0.927734375,queen,0.4700504363,0.1413231586,0.2596435115,-0.03277773058,0.07990878059,-0.4453601236,0.007430589773,-0.0848872367,-0.03985885713,0.5097636386,404,FALSE,TRUE,TRUE
-0.009795810028,-0.02254093008,0.3181347462,0.3687876629,0.1031270591,0.2661917068,0.9658871293,0.9272460938,queen,0.3712856704,0.09791272141,0.2623808923,-0.02034402707,-0.04198852484,-0.3306742302,0.00693786099,-0.1018478436,0.06747886372,0.3623038512,1173,FALSE,FALSE,TRUE
-0.01393977217,-0.01185704375,0.3077980812,0.4529061131,0.03320924419,0.2626249141,0.7422673106,0.9233398438,queen,0.4462851996,0.02713543803,0.2624144429,0.0001945807184,0.03226499456,-0.2875783859,0.005951503181,0.003576285731,0.04516787526,0.436085507,917,FALSE,FALSE,TRUE
-0.009289033671,-0.04052269209,0.12435398,0.4627114503,-0.02315454279,0.2655507588,0.7988340855,0.9174804688,queen,0.4596941651,-0.0243485728,0.2627702697,-0.01016515652,-0.03197233691,0.1335133536,0.005531703434,0.05528864086,0.05043461242,0.4126991788,1084,FALSE,TRUE,TRUE
0.03326748112,-0.03428332654,0.0312748172,0.3673907272,-0.08662104357,0.2730028854,0.9961423278,0.9331054688,queen,0.3834873898,-0.07301843843,0.2490790726,0.08978074946,-0.164456505,0.06000431957,0.009746891457,0.05696241586,0.05778485602,0.3140977276,930,FALSE,TRUE,TRUE
-0.04573369696,0.004977380093,0.5858817501,0.392914309,0.1565724575,0.2604570404,0.735425055,0.90625,queen,0.3917975413,0.1383143905,0.2596243148,-0.007085029127,-0.007624845533,-0.5900060142,0.00691594343,-0.1319515945,0.0472500045,0.408687906,934,FALSE,TRUE,TRUE
-0.0001737189387,-0.01994640932,0.2993229126,0.4800368814,-0.01619663382,0.258658032,0.959528923,0.9169921875,queen,0.4697195658,-0.02704755539,0.2602602842,0.01132381788,-0.001525501681,-0.331862907,0.005938064249,0.009475517055,0.04222049485,0.3811829621,1384,FALSE,TRUE,TRUE
-0.03309700326,0.002258990557,0.5293415525,0.3924482416,0.148844822,0.2609664697,0.946877718,0.9204101563,queen,0.3959647812,0.1361455017,0.2559588679,-0.08590090677,0.07346258842,-0.5269918046,0.008916293637,-0.1747428577,0.04744012039,0.4047162507,774,FALSE,FALSE,TRUE
-0.009548780117,-0.002676637326,0.4031019684,0.463733749,0.188333503,0.2681969588,0.7684589624,0.87890625,queen,0.4876432588,0.1828099766,0.24808397,0.0976032515,0.1297858101,-0.2789545882,0.009644055323,-0.119862244,-0.05043583346,0.5184228739,44,FALSE,FALSE,TRUE
-0.04673774166,-0.1379720346,-0.4552944091,0.4905045083,0.1081443572,0.291602232,0.9199428558,0.9189453125,queen,0.5043322713,0.09770973213,0.2838821651,-0.009617816924,0.08395494199,0.3832247982,0.007716677742,0.006703033081,0.04470855431,0.3722387949,562,FALSE,FALSE,TRUE
0.02959322511,-0.06556494996,0.1298373219,0.4925450292,0.0002973860218,0.2727046959,0.7451212406,0.9125976563,queen,0.5022406525,-0.029041937,0.2590157675,-0.7168297158,-0.05125399955,0.05851607012,0.01085168438,0.0507583896,0.02222632107,0.3901595704,245,FALSE,FALSE,TRUE
0.03179307257,-0.06360205142,0.06540079628,0.4144997342,-0.00853498101,0.2710247935,0.9667485952,0.91796875,queen,0.4226961021,-0.006246164472,0.2632447082,-0.01210513221,-0.01876091782,0.09191513148,0.006213635556,0.01575107335,0.06558649654,0.3348596654,1379,FALSE,FALSE,TRUE
0.01945348326,-0.04393430813,0.1159664339,0.3740249812,-0.06110210732,0.2760908827,0.993172884,0.9296875,queen,0.3859078705,-0.05483925029,0.2644407404,-0.01556468814,0.05748930771,0.1552458933,0.01053716278,0.03903326869,0.04635386461,0.3295715762,320,FALSE,TRUE,TRUE
-0.04111930619,-0.06553221257,0.2678092702,0.3654775989,0.03766617235,0.2710699925,0.9725451469,0.9311523438,queen,0.3691130388,0.04005432894,0.263722217,0.02948669221,0.01511124485,0.2735354267,0.005791951982,-0.04920888375,0.08201141403,0.3748966238,1228,FALSE,FALSE,TRUE
-0.02613761535,0.007857212926,0.4465847432,0.4265156956,0.1087358631,0.2582386635,0.8705228567,0.919921875,queen,0.4221192009,0.09119950139,0.2582759741,0.0002635036636,-0.0369599348,-0.4265997796,0.007064751573,-0.12344445,0.04081221129,0.4081583488,1010,FALSE,TRUE,TRUE
0.09373841115,-0.01611615014,0.2659108988,0.5050201305,-0.08836789641,0.2712057606,0.7151578069,0.9155273438,queen,0.4985782835,-0.08264377296,0.2642316923,0.01209675174,0.02564913607,-0.3246242046,0.00741311558,0.1330783971,-0.009961486145,0.406434909,676,FALSE,TRUE,TRUE
-0.02419941113,-0.0233247915,0.3198602456,0.3787495592,0.02305943558,0.266971675,0.9607564807,0.9213867188,queen,0.3748547453,0.01711905329,0.2614967918,0.01533923607,-0.03499440745,-0.3339906776,0.00653794113,-0.02775091086,0.03216917565,0.3798254012,1083,FALSE,TRUE,TRUE
0.02229171752,-0.01830406552,0.2423769116,0.4335944312,-0.04456769435,0.2665484132,0.9722948074,0.9204101563,queen,0.4252442617,-0.04775180466,0.2617946417,0.01215237762,-0.01244027684,-0.2925673236,0.006143361232,0.05817327362,0.01967644012,0.3829905421,1127,FALSE,TRUE,TRUE
-0.02174033569,-0.05772515679,0.222948322,0.4041598196,0.03001518436,0.2691365049,0.7102179527,0.9282226563,queen,0.4092983274,0.02875809303,0.2633293588,-0.004593729224,0.02201290621,-0.2584409445,0.006199597459,-0.02095924631,0.0639968801,0.3483528162,1291,FALSE,TRUE,TRUE
0.02214932594,-0.04111893309,-0.01451611188,0.4777003602,-0.08042332644,0.2676336109,0.8666718006,0.9204101563,queen,0.4770693406,-0.07992145985,0.2629852494,0.01209350267,-0.009713720216,0.07822480173,0.006058002892,0.06114032334,0.05076310149,0.3427521455,1457,FALSE,TRUE,TRUE
0.01218589339,-0.07740687026,0.3432997278,0.4655489031,0.05036687643,0.265045791,0.9195555449,0.9091796875,queen,0.4699169753,0.04704884854,0.2587681928,0.009859879896,-0.001646193575,-0.32968086,0.006807202655,-0.05441091146,0.028319758,0.4014641747,947,FALSE,FALSE,TRUE
0.01505473932,-0.001145652598,0.2500703782,0.4262877574,-0.05341706867,0.2643294725,0.9565876126,0.921875,queen,0.4156302618,-0.05680095356,0.2635242112,0.02004807317,-0.03237009017,-0.3095030248,0.007227547376,0.06217153585,0.02801527947,0.3749268234,960,TRUE,TRUE,TRUE
-0.01772559568,-0.03278251798,0.2006784866,0.4390904208,0.01346602936,0.2670458019,0.990806818,0.9106445313,queen,0.4402248386,0.01083408762,0.261128334,-0.009478954858,-0.02330330925,0.2185223146,0.00565494132,0.0107932028,0.05199456944,0.3643797268,1249,TRUE,TRUE,TRUE
0.01594362208,-0.03166826068,0.3895450547,0.453126892,0.001279355248,0.2585199608,0.732760787,0.9208984375,queen,0.4358884422,-0.005579951499,0.2601002446,-0.001945905622,0.0002719740368,-0.4220360293,0.006476498757,0.03132364483,0.005709994773,0.4232746055,803,TRUE,TRUE,TRUE
-0.05128201268,-0.04963395456,-0.3807502828,0.4251175075,0.128753821,0.2881570408,0.9400591254,0.92578125,queen,0.4276200518,0.1274813739,0.283317817,-0.02966311297,-0.04465212954,0.3417654176,0.008029550053,0.04133082805,0.06517950571,0.3166619977,1050,TRUE,TRUE,TRUE
-0.05571351834,-0.1128537566,-0.357549651,0.4985886344,0.04112638846,0.2893771787,0.7594136,0.9140625,queen,0.5097657441,0.03177641814,0.2829802191,0.00696127894,0.07700614884,0.3361716877,0.006681721086,-0.005800212467,0.07223557694,0.3735080474,791,TRUE,TRUE,TRUE
0.001078479091,0.03489737782,0.3369067643,0.4490351939,-0.05461004538,0.2613230472,0.8452192545,0.904296875,queen,0.4271944346,-0.06097509335,0.2628399541,0.0004547881978,-0.021586096,-0.3712167375,0.006180152022,0.0755894724,0.01897004681,0.3912587934,1148,TRUE,FALSE,TRUE
-0.0195501145,0.03220110021,0.3572748129,0.3884135391,-0.01252915563,0.2624554565,0.9634152651,0.921875,queen,0.3750025727,-0.02130040032,0.2643982421,-0.02181812611,-0.00763441239,-0.3656633046,0.005626848568,0.007733123273,0.03903273205,0.3709130678,1341,TRUE,TRUE,TRUE
-0.04359564951,-0.04344905865,0.2417137101,0.3514195144,0.04374160417,0.263720569,0.9996324778,0.9262695313,queen,0.3507768234,0.03964795762,0.2546873571,0.06981000559,0.01345151384,0.2608546148,0.01367389599,-0.06122491563,0.09263184864,0.3225159399,927,TRUE,FALSE,TRUE
-0.05550836463,-0.03098600047,0.4007914429,0.3453685265,0.1368817854,0.2617386291,0.9998965263,0.9208984375,queen,0.3470067933,0.1203130993,0.2626617245,0.0003541770605,-0.01646902154,-0.3913129767,0.006107428598,-0.1420990488,0.07535119702,0.3663464091,1380,TRUE,FALSE,TRUE
0.01383428933,-0.01290747765,0.2321792801,0.4181076338,-0.03884441799,0.2678928915,0.9275417924,0.9233398438,queen,0.4086745512,-0.04032099302,0.2621319324,-0.006047392311,-0.04255581276,-0.2872438946,0.006484868294,0.04513951279,0.02564323175,0.3747162415,1173,TRUE,TRUE,TRUE
0.0240217972,0.04042709954,0.2806474455,0.5033021472,-0.09456030529,0.2598719194,0.9793089628,0.919921875,queen,0.4753916695,-0.09398022601,0.2646550864,-0.00619646843,-0.002155222984,-0.2981744277,0.006377246067,0.1385741695,0.001733311352,0.4084004696,980,TRUE,TRUE,TRUE
0.01967115352,-0.01745886974,0.1108002138,0.4697914961,-0.06037421921,0.2673134853,0.9782540798,0.9189453125,queen,0.4638749741,-0.05782335578,0.2635340572,-0.008227985109,-0.01156155051,0.1649849324,0.005770794075,0.08948565775,0.05237148045,0.3478186697,1511,TRUE,TRUE,TRUE
-0.005823662148,0.003628771817,0.3216578332,0.41670768,-0.02159167539,0.266674953,0.9411031008,0.9223632813,queen,0.4048832604,-0.02377355551,0.2613818209,-0.02415219968,-0.05177498892,-0.3525662223,0.006942063314,0.03007434839,0.02336977979,0.3831577558,1050,TRUE,FALSE,TRUE
-0.05503232585,-0.04866295528,0.2526788625,0.361315128,0.0462417916,0.2676787476,0.9077519178,0.9301757813,queen,0.3647988615,0.04023306042,0.2657360591,-0.005625536016,-0.02109371399,-0.2980070558,0.006393319646,-0.0578893146,0.08303682946,0.3284328944,1279,TRUE,TRUE,TRUE
0.03632952979,-0.05402780349,0.04168179623,0.4959118742,-0.06179086994,0.2712316764,0.9553837776,0.9189453125,queen,0.4997614682,-0.05980685078,0.2632765061,-0.02957906792,0.07877399163,0.1525460349,0.01199712817,0.1045439576,0.03692166206,0.3625771269,1014,TRUE,TRUE,TRUE
-0.03598017498,-0.05429449133,0.4240392267,0.4210110341,0.1513272083,0.2625028012,0.9896310568,0.912109375,queen,0.4256207745,0.1358185065,0.2540547077,0.02576449366,-0.007336728325,-0.3886783863,0.007919334486,-0.1630372464,0.03153233461,0.4235630323,797,TRUE,FALSE,TRUE
-0.04385133648,-0.02097000916,0.4644308176,0.3723355654,0.1513807732,0.2642239846,0.7534759045,0.9111328125,queen,0.3755183829,0.144797269,0.25585556,-0.05217561426,0.03749600197,-0.4493265048,0.00778479415,-0.1396142562,0.05762940432,0.4402825773,798,TRUE,TRUE,TRUE
0.01424704689,-0.0351614281,0.1643794708,0.4502582721,-0.09312041463,0.2702399323,0.9623585939,0.9350585938,queen,0.4447373122,-0.09174545932,0.2641548542,-0.01481633933,0.01825981345,0.2152842615,0.006595467208,0.1077028066,0.01940357339,0.3677262219,1060,TRUE,TRUE,TRUE
0.003620818105,-0.07463903212,0.06385346358,0.3854184808,-0.02593576313,0.2694260415,0.8526544571,0.90234375,queen,0.3903219419,-0.02368872182,0.2641031983,0.01726852472,0.003538186179,0.08794682856,0.005505911358,0.01522813994,0.08728239059,0.3574694167,1502,TRUE,TRUE,TRUE
-0.0458704613,-0.01377480365,0.465069154,0.3977262498,0.1544762981,0.2646221997,0.9139107466,0.9077148438,queen,0.3952328171,0.1436169946,0.251424731,-0.0357730866,-0.02366107283,-0.4738481152,0.009820175294,-0.1268865579,-0.006091903617,0.4593293547,669,TRUE,TRUE,TRUE
-0.00716803359,-0.04060708056,0.4460431862,0.431360442,0.1683113648,0.2713565451,0.8324383497,0.9047851563,queen,0.4523272408,0.1578289961,0.2488910903,0.1127513508,0.1431428118,-0.2508698276,0.01013873214,-0.1218057664,0.01543728705,0.4342242818,260,TRUE,TRUE,TRUE
-0.03457235299,-0.07458082172,0.2683295853,0.4752603557,0.0595753481,0.2579863155,0.902243495,0.85546875,queen,0.4727385065,0.04838335958,0.2536572814,0.002442219305,0.024086163,0.254826365,0.007755734826,-0.05593890926,0.028005028,0.4162359631,1085,TRUE,FALSE,TRUE
0.03624431978,-0.02216437274,0.2554384582,0.4907631052,-0.04348212184,0.269326972,0.7615506649,0.9194335938,queen,0.4839289102,-0.04602547287,0.2633015589,0.04067783895,0.02481854394,-0.3100672884,0.006913285325,0.0874793641,-0.01176171862,0.4203167101,761,TRUE,TRUE,TRUE
-0.0482641984,-0.007505984153,0.4629370061,0.3682854591,0.1649153225,0.2562233057,0.7812734246,0.923828125,queen,0.3569955076,0.1365693807,0.2602714835,0.08321976988,-0.1717604706,-0.4218346169,0.008865967634,-0.1507024482,0.01284963172,0.4493954268,490,TRUE,TRUE,TRUE
0.02933056074,-0.009706328879,0.2749341715,0.4310194721,-0.07105654167,0.269531063,0.9262042046,0.9282226563,queen,0.4242149036,-0.07044331186,0.2631810552,0.008061538288,-0.02848971294,-0.339614659,0.006628570178,0.07902161317,0.02465507647,0.3662740109,1262,TRUE,TRUE,TRUE
-0.02866805542,-0.07188327108,0.3224887111,0.400623243,0.08503509682,0.2657670921,0.9116518497,0.92578125,queen,0.404083528,0.07981527459,0.2614389288,-0.01770386495,0.0281194725,-0.3326816009,0.006402064838,-0.06812209578,0.05700764126,0.425283954,946,TRUE,TRUE,TRUE
-0.0528348093,-0.04075618171,0.9907848937,0.4085049704,-0.04476550913,0.265250917,0.9519572258,0.9301757813,king,0.3927063948,-0.0510826601,0.2635030996,-0.04049406783,-0.02252389981,-0.9938315555,0.005698348959,0.04523235835,0.03405470815,0.366704521,1408,FALSE,TRUE,TRUE
-0.06438275752,0.03252910085,0.9877044607,0.4220866223,0.09553626359,0.2586381018,0.9693347216,0.9321289063,king,0.414604932,0.078685978,0.2623489764,0.02631743225,0.01278587761,-0.9880763104,0.006356764732,-0.06505732542,0.04946776517,0.4486642472,848,FALSE,TRUE,TRUE
-0.06815901085,-0.06689769055,0.986594362,0.4913605967,-0.05808734558,0.2625636118,0.878618896,0.9165039063,king,0.4790522547,-0.05959065493,0.2657313893,0.02911457886,-0.01053459436,-0.9938226653,0.006397769134,0.100615504,0.04592165472,0.4158688442,1022,FALSE,FALSE,TRUE
0.0583777057,0.02780196409,0.967209303,0.5142756868,0.07311567968,0.2488273338,0.7878910303,0.9204101563,king,0.4785635412,0.04450798971,0.2622614255,0.04885760775,0.01364404982,-0.9607073433,0.008514521953,0.005761870412,-0.03348790467,0.5054522182,387,FALSE,FALSE,TRUE
-0.03359929608,-0.01499688169,0.9871958374,0.4341286448,-0.01555465941,0.2638380853,0.9198124409,0.92578125,king,0.4181921992,-0.02216143318,0.2631704717,-0.0234573506,-0.01764621225,-0.9868117866,0.006985804273,0.03468866674,0.0149061437,0.3992440142,1041,FALSE,FALSE,TRUE
-0.03674227812,0.0135937989,0.9951226723,0.3908272872,0.04370138212,0.2639402606,0.9971989393,0.9350585938,king,0.3760334956,0.02988564567,0.2632434119,-0.05901490929,-0.04260146566,-0.9909755847,0.007326976474,-0.03813183548,0.02308426444,0.3997091473,945,FALSE,FALSE,TRUE
-0.03835279615,-0.0755787996,0.9954183806,0.3745086938,-0.06820497793,0.2720424164,0.9967182875,0.9223632813,king,0.368458444,-0.0690226082,0.2609078962,0.029803124,-0.01792987249,-0.9989787295,0.00866276167,4.58E-02,0.05068605001,0.3285142568,1116,FALSE,TRUE,TRUE
-0.09260250366,-0.03374084033,0.994673615,0.3394050725,0.1208283756,0.2682989449,0.9659990072,0.9418945313,king,0.3435271598,0.1079086645,0.2640783306,-0.004945005695,-0.005959551658,-0.999659622,0.005541827225,-0.1322424306,0.0769662622,0.3507373737,1557,FALSE,FALSE,TRUE
0.04592197515,0.05926427041,0.9927442285,0.4166264417,0.1577625489,0.2619407373,0.8581156135,0.92578125,king,0.4049122881,0.1593399981,0.2594097816,0.1428129404,0.2768887245,-0.9475103774,0.008541388183,-0.1193550252,-0.01416012656,0.475186565,680,FALSE,FALSE,TRUE
-0.01118810219,-0.07043934063,0.9914719187,0.4641741748,0.06032434431,0.2503160573,0.7800204158,0.91796875,king,0.4450560865,0.04815117039,0.2609244497,-0.004999753347,-0.04431153546,-0.9934732249,0.007168095189,-0.01209806188,0.04271408786,0.4637718038,811,FALSE,TRUE,TRUE
-0.01961622649,-0.03099287444,0.9928701831,0.3887903418,-0.04361887198,0.2696064849,0.9653717875,0.9233398438,king,0.3798891502,-0.04743370721,0.2665494517,-0.02606468981,-0.02319298793,-0.9943386858,0.006158114938,0.03249473405,0.03999731078,0.3517620079,1407,FALSE,TRUE,TRUE
-0.03276131988,-0.05199549594,0.9878535348,0.439297844,-0.104557951,0.2674850789,0.9975550175,0.9282226563,king,0.4218907244,-0.105506104,0.2655197813,-0.01569597626,-0.04338168361,-0.9920979422,0.006037553469,0.1115660571,0.03020013524,0.3563879313,1495,FALSE,FALSE,TRUE
0.02424908228,0.03922193805,0.9709176493,0.5112402223,0.03899904994,0.2625245437,0.8302140236,0.9135742188,king,0.492150742,0.02172563392,0.262133945,0.05260495826,-0.01118382226,-0.9757399714,0.008361779864,0.03120399544,-0.03543264266,0.4788918711,409,FALSE,FALSE,TRUE
-0.08912454707,0.01567025604,0.9914763014,0.4819801875,0.1568234259,0.2749031344,0.8069272041,0.9145507813,king,0.4984124115,0.1532305905,0.2536798312,0.102581827,0.009198912363,-0.987345002,0.007764565909,-0.08660714855,-0.01047597053,0.460123853,309,FALSE,FALSE,TRUE
-0.02829210985,-0.06440991356,0.9972283195,0.382209385,-0.02951494194,0.2732638004,0.9882824421,0.9326171875,king,0.3753887493,-0.03289708236,0.2660367912,-0.04434625117,-0.03883709479,-0.9982397122,0.006243442268,0.01739109644,0.03680768106,0.3523500031,1245,FALSE,TRUE,TRUE
-0.01288047567,-0.001592691635,0.9995634204,0.3595734539,0.04735205758,0.2691233965,0.9877758026,0.9345703125,king,0.3536553916,0.03747932003,0.2639266312,-0.04148396402,-0.0267625834,-0.9981087155,0.00662485391,-0.05844827396,0.03439616216,0.377873363,1142,FALSE,TRUE,TRUE
-0.02839532307,-0.000645863812,0.9989863445,0.3653634536,0.1460300448,0.26997585,0.8307628632,0.9291992188,king,0.370303493,0.1340371853,0.2576812612,0.03896265208,0.0467378668,-0.9980916355,0.008592813618,-0.1887051165,0.05383169891,0.379429969,852,FALSE,FALSE,TRUE
-0.03895939433,-0.06847212604,0.9965203926,0.3761061054,-0.01806882277,0.270786794,0.8027374148,0.9340820313,king,0.3679586042,-0.02360937632,0.2646635303,-0.03646178231,-0.03073314294,-0.998668222,0.006301820502,0.004857942612,0.03980248499,0.3554161612,1312,FALSE,TRUE,TRUE
-0.07789417801,-0.09564270445,0.9911853769,0.3636877963,-0.09296901524,0.2775432926,0.9997936487,0.9379882813,king,0.3682223982,-0.1086940902,0.2540295144,0.01119232445,-0.2613624863,-0.9484774697,0.0152016201,0.05988659769,0.05740067086,0.3059737366,976,FALSE,TRUE,TRUE
-0.01043185254,-0.05469930607,0.9804841557,0.5113007238,-0.0701893866,0.2695667184,0.8055104613,0.9311523438,king,0.4977808356,-0.06847999525,0.2639231823,0.05068580183,-0.0161571236,-0.9782642843,0.006608846913,0.1215180731,-0.01654439743,0.4204974767,861,FALSE,FALSE,TRUE
-0.05850341655,0.02690664517,0.9979198734,0.3493019378,0.1908654399,0.2635990963,0.7037694454,0.9321289063,king,0.3788964301,0.1798123447,0.2544517832,0.3846909703,0.2503292164,-0.8820554867,0.0168626602,-0.1857756593,0.06027790439,0.4443235727,281,FALSE,TRUE,TRUE
-0.06243333921,-0.05614692303,0.983936708,0.4496956174,-0.07446199915,0.2571539311,0.8429834843,0.9228515625,king,0.4251993898,-0.07973763847,0.2662797058,-0.02173312099,-0.03633667004,-0.988600778,0.007282587581,0.09311122529,0.02680821316,0.3840572057,1143,FALSE,FALSE,TRUE
-0.05153884167,0.01361101988,0.9923458271,0.398514967,0.09862972478,0.264135219,0.8110659122,0.9165039063,king,0.3915882717,0.08581330249,0.2594435903,-0.02514082785,-0.01345874221,-0.9911569884,0.0074777646,-0.07990903355,0.006853465807,0.4323251659,853,FALSE,TRUE,TRUE
-0.03057634347,-0.09092033342,0.9950968758,0.3814099862,-0.07077453189,0.2725031023,0.9960986376,0.931640625,king,0.3728951703,-0.07089959045,0.2666194128,-0.02394484691,-0.02787741108,-0.9992596707,0.00617753571,0.05161287547,0.04773823647,0.3316177676,1371,FALSE,TRUE,TRUE
-0.07605543147,0.05064246017,0.988935156,0.47067166,0.140428776,0.2648900595,0.9123966694,0.923828125,king,0.4667508777,0.128879029,0.2566920255,0.03254407618,0.04256173639,-0.9926432421,0.007619320608,-0.07586017177,-0.04004797943,0.5010738335,498,FALSE,TRUE,TRUE
-0.00414989157,-0.01102884052,0.9989811432,0.3942550556,0.1281629796,0.2613621776,0.8763524294,0.9248046875,king,0.382687931,0.1116917329,0.2621706426,-0.004531941732,0.02313895351,-0.9995404465,0.007079850256,-0.1072248143,0.004127372662,0.4455160022,751,FALSE,TRUE,TRUE
-0.03466799865,-0.06448289657,0.9946096971,0.3914266049,-0.06479889982,0.2687311513,0.9982153177,0.9340820313,king,0.3782179959,-0.06877071449,0.2651413605,-0.01081625143,-0.01827426904,-0.99790089,0.005804817979,0.05230789999,0.04456808406,0.3435008982,1597,TRUE,TRUE,TRUE
-0.09102741459,-0.0731726331,0.9915956349,0.4674483166,-0.06664639659,0.2695207172,0.9094946384,0.9169921875,king,0.4656548277,-0.06660983724,0.264691836,0.03805116215,-0.02665621639,-0.9977359581,0.006578781095,0.09402751199,0.05500071446,0.3920848152,1024,TRUE,TRUE,TRUE
-0.057919018,0.05948681827,0.9889289738,0.4904426039,0.1362189318,0.2713756711,0.7030676603,0.912109375,king,0.4965749308,0.1296304905,0.2559045668,0.08530843814,0.03397201436,-0.9886606889,0.008763452626,-0.06218078171,-0.05461705923,0.5086283122,274,TRUE,TRUE,TRUE
-0.08856727917,-0.0606420626,0.9930380825,0.3649937085,0.1216705344,0.2685662111,0.9171729088,0.9204101563,king,0.367555399,0.1139344561,0.2599144089,-0.03360207509,-0.04587569217,-0.9964530375,0.007198012664,-0.1185563507,0.06351939049,0.4180634967,1034,TRUE,TRUE,TRUE
-0.08678212538,-0.03522034035,0.9940433544,0.3308548227,0.1583730689,0.2721066976,0.9905543327,0.931640625,king,0.3321523533,0.1435919029,0.2531798678,-0.08005641071,-0.1452324996,-0.9859916696,0.01293671184,-0.1683079548,0.06956002625,0.4115395973,510,TRUE,FALSE,TRUE
-0.1086517949,0.01528996702,0.9926494521,0.3401007435,0.1093316851,0.2771729968,0.994553566,0.9375,king,0.3438835127,0.08732950278,0.2742821385,0.07620941227,-0.02359098989,-0.9960958224,0.00637932152,-0.1215300098,0.02334274497,0.3913058196,1225,TRUE,TRUE,TRUE
-0.09486757286,-0.04155013421,0.9946212467,0.3496072445,0.1002476279,0.2746467749,0.9834131002,0.9311523438,king,0.3573004632,0.09439830021,0.2616551982,-0.009157298357,-0.05809628484,-0.9972715948,0.007475853455,-0.1097743771,0.07136594491,0.3936581434,1012,TRUE,TRUE,TRUE
-0.018978594,0.03792745771,0.9765416653,0.4651141275,0.1554427614,0.2468077608,0.8036910295,0.921875,king,0.4363066155,0.1184231812,0.2565683821,-0.002709904528,-0.02093113335,-0.9790487141,0.008689146177,-0.08942994506,-0.02646985522,0.5145647722,531,TRUE,TRUE,TRUE
0.00591951122,-0.01846675512,0.9741648469,0.4699163625,-0.02359521443,0.25682106,0.948286891,0.9287109375,king,0.4436430953,-0.03477717068,0.2639129147,0.01866123785,-0.0003618028603,-0.9742228575,0.006900543949,0.06158440365,0.004238848819,0.4229833099,906,TRUE,TRUE,TRUE
-0.0353922133,-0.03263992856,0.9893194137,0.4505353621,-0.03956894146,0.2595303364,0.7741351128,0.92578125,king,0.4274187002,-0.04865094606,0.2640137761,-0.01408286477,-0.02272433227,-0.9935889039,0.007550781252,0.06410963274,0.01628721631,0.4007848276,940,TRUE,FALSE,TRUE
-0.02097483102,0.0945067385,0.9903573,0.4874387085,0.1595322588,0.265092953,0.924852252,0.9169921875,king,0.4875762137,0.1494999281,0.2607796686,0.113703654,0.09347950091,-0.9866046817,0.007477897317,-0.08250489998,-0.05328095103,0.5216616873,389,TRUE,TRUE,TRUE
-0.08703893481,0.001706459923,0.9944643852,0.4103921892,0.1072100174,0.2694796067,0.9720380306,0.9272460938,king,0.414785156,0.1031338099,0.2593212798,0.01729285675,-0.008031928039,-0.9987531723,0.00638282529,-0.08285879999,0.04233307841,0.3907208552,1090,TRUE,TRUE,TRUE
0.007247076546,0.009540500493,0.9967636042,0.3687967236,0.08501560915,0.2663451302,0.9667346478,0.919921875,king,0.3591859042,0.07178393858,0.2620645386,-0.03176786374,-0.002467824774,-0.9962780763,0.007315775503,-0.08458620167,0.02325824268,0.4043563297,871,TRUE,FALSE,TRUE
-0.03128041511,-0.009076512044,0.9952830953,0.3631208669,0.01848076326,0.2742324988,0.9785764813,0.9375,king,0.3597273608,0.01497590021,0.2635999929,-0.0311360961,-0.003445623914,-0.9945654439,0.006357134329,-3.30E-02,3.45E-02,0.3629258645,1232,TRUE,TRUE,TRUE
-0.09260352281,-0.06361992329,0.9874079832,0.4472903174,0.0194267301,0.2671618626,0.722928524,0.9208984375,king,0.4453459364,0.01887459678,0.2610391613,-0.0008987191999,-0.005313012406,-0.9927504689,0.006100552748,0.0111092362,0.04712114394,0.4226344747,1066,TRUE,TRUE,TRUE
0.01584976288,-0.08599607294,0.9842682239,0.4911491414,-0.09818395947,0.2717398764,0.9806138277,0.9321289063,king,0.4710208385,-0.09578314666,0.2642761934,-0.01201961149,-0.02663448437,-0.9893326817,0.007880934407,0.1340935023,-0.001689938404,0.3916236974,765,TRUE,FALSE,TRUE
0.01328309639,-0.08351597715,0.9783832371,0.5167160297,-0.1022894319,0.2721025048,0.9387258291,0.923828125,king,0.5030955775,-0.09684219598,0.2656810678,0.04128310563,0.006589062536,-0.9828064784,0.006555925274,0.1513774072,-0.0135714039,0.4066096181,843,TRUE,TRUE,TRUE
-0.01973061087,-0.04832217063,0.977493884,0.5038624638,0.06400853767,0.2632455565,0.7939323783,0.9091796875,king,0.4917520775,0.0571383387,0.2617214138,0.04559974453,0.02359109027,-0.9792505119,0.00779054922,0.006490758973,-0.03825110811,0.4858910072,380,TRUE,FALSE,TRUE
-0.006695317807,-0.01953015329,0.9777937034,0.4592102633,-0.02657027425,0.2626572254,0.9266628027,0.923828125,king,0.4408781052,-0.03575831856,0.2612014317,0.002330458917,-0.03386599215,-0.9794767038,0.005934312344,0.0577918855,0.006302523157,0.4112940852,1141,TRUE,TRUE,TRUE
-0.06793009753,-0.04949270871,0.9903224584,0.4144348807,-0.07024221089,0.2678252139,0.9807351828,0.923828125,king,0.4041899949,-0.07236618847,0.2647559115,-0.03032288102,-0.0433625511,-0.9949183667,0.007059984712,0.06946165641,0.03421970647,0.3566187211,1238,TRUE,FALSE,TRUE
0.002486825887,0.06871970053,0.9790561131,0.4849587625,0.1533052153,0.2638354475,0.786655128,0.9223632813,king,0.4731410965,0.1363108546,0.2576376557,0.1089164237,0.09696428406,-0.9858417596,0.007064792414,-0.07863196337,-0.04957820049,0.5176394214,589,TRUE,TRUE,TRUE
0.02544816326,0.07472456672,0.9733336961,0.5184196183,0.1012163594,0.2696308206,0.7290118337,0.927734375,king,0.5058058639,0.09451044449,0.2617057238,-0.01130541086,-0.008870662328,-0.9715350889,0.01007816749,-0.01853451249,-0.05957954597,0.510730107,240,TRUE,TRUE,TRUE
-0.02762371751,-0.093220491,0.988688172,0.5055789788,-0.03566919502,0.2629385896,0.9344685078,0.9272460938,king,0.4880593621,-0.03909088072,0.2639903554,0.03471916457,-0.02204140402,-0.9939743639,0.006059465678,0.08846740412,0.03254590688,0.3866082356,1127,TRUE,FALSE,TRUE
0.04519866986,-0.005471648959,0.9770692809,0.4935899477,-0.001852490209,0.2615309144,0.8247736692,0.9243164063,king,0.4701266571,-0.01246137181,0.2602855675,0.04456148771,0.00100695303,-0.9777915932,0.006625894764,0.05583538142,-0.01618079405,0.4472169525,786,TRUE,TRUE,TRUE
-0.05545853895,-0.0740959391,0.9856093745,0.4240259338,-0.02917798774,0.2685722625,0.9492542744,0.9272460938,king,0.4156091439,-0.0314716155,0.2608329227,-0.07429650857,-0.04815498587,-0.9904257681,0.007256741645,0.04017686376,0.01933881285,0.3830815993,1123,TRUE,TRUE,TRUE
-0.01114532112,0.03278861048,0.6257754165,0.366454965,0.0786904471,0.2768012752,0.7142560482,0.9116210938,rook,0.3634511021,0.07299381835,0.2617913139,-0.02457743798,-0.06157945882,-0.5938443187,0.005033388286,-0.08211803264,0.01738659813,0.3938333842,743,FALSE,TRUE,TRUE
-0.001374912568,-0.1243578715,0.5538686311,0.3635394809,-0.06551746814,0.2765011875,0.999741137,0.91015625,rook,0.3635360014,-0.06550711292,0.2764943,0.00136975919,0.1243491079,-0.5538757731,0,0.03582481161,0.1011879895,0.269281307,0,FALSE,TRUE,TRUE
0.04173074749,0.02691985014,0.5867482421,0.5041234443,-0.06707159441,0.2555690169,0.7312905788,0.8979492188,rook,0.4740040715,-0.06969460507,0.2646736799,-0.01682366527,-0.08438153482,-0.612061349,0.005202383497,0.1150287759,0.04632398752,0.3738894803,917,FALSE,FALSE,TRUE
0.004858201479,0.03835877186,-0.03958999051,0.4691854129,0.1413964407,0.2935620964,0.9290352464,0.9125976563,rook,0.4643972577,0.1449595381,0.2848291811,0.1555260298,0.1337528808,-0.06386099632,0.006890915193,1.93E-05,0.05612670097,0.3350510801,649,FALSE,FALSE,TRUE
-0.0375995742,0.02337841193,0.6365744688,0.4027926459,0.1055708307,0.2653386589,0.9357221127,0.9067382813,rook,0.39565624,0.09017472113,0.2628509856,-0.01333195665,-0.08027593758,-0.6475658613,0.005629197353,-0.08536716226,0.04927940877,0.3865872809,789,FALSE,TRUE,TRUE
-0.03599242431,0.1434658269,0.6274912144,0.3775425796,0.09448404615,0.266184306,0.8595436811,0.9052734375,rook,0.3648425301,0.08554165539,0.2641263337,-0.1499769679,0.03480776131,-0.658525209,0.007135686421,-0.08855243847,0.01711675536,0.4150196597,583,FALSE,TRUE,TRUE
0.03672731582,0.07156986975,0.5518559899,0.4441016245,-0.07853872906,0.2654486173,0.8354732394,0.9111328125,rook,0.42098606,-0.08081415516,0.2651299554,-0.03025129004,-0.08457981834,-0.5525449833,0.005303078438,0.09277750675,0.02347140769,0.3736283686,851,FALSE,FALSE,TRUE
0.04400007266,0.02961026145,0.5737436719,0.4110228299,-0.06977930321,0.2637352476,0.7510907054,0.9096679688,rook,0.3890039228,-0.07348544804,0.2660090467,-0.0340491995,-0.0479078771,-0.5800031633,0.005454945615,0.06775655241,0.0396640443,0.3567954721,918,FALSE,FALSE,TRUE
0.02808828811,-0.06121961295,0.558751785,0.3748335957,-0.05938943954,0.2658795086,0.7355946898,0.9111328125,rook,0.3590645678,-0.06105912428,0.2673158493,-0.04158103755,-0.06975750808,-0.5605695707,0.005231226969,0.03921160995,0.05394520116,0.3366618649,1236,FALSE,FALSE,TRUE
-0.02715745582,0.108740156,0.5332215596,0.3878128316,0.07117518922,0.2642487537,0.8116538525,0.9047851563,rook,0.3713379246,0.05199435866,0.2629967253,-0.02839015833,-0.06979644281,-0.5155227447,0.005617994249,-0.06251996119,0.01846930919,0.4113105912,656,FALSE,FALSE,TRUE
-0.03551987995,0.1042486,0.6452297148,0.3832069199,0.1260493892,0.2582934348,0.7741485834,0.9077148438,rook,0.3717525698,0.1178084751,0.264388303,-0.1649928805,0.2204947632,-0.711652301,0.007022697028,-0.110359064,0.01311195315,0.4389555067,570,FALSE,TRUE,TRUE
0.009570255518,0.1640434972,0.5894905614,0.4735362103,0.04850319957,0.2661391771,0.7101495862,0.9018554688,rook,0.4568027452,0.03389765654,0.260691662,0.02935577268,-0.09847486414,-0.5541769006,0.00621585204,0.00239430221,-0.02199858572,0.4562371849,472,FALSE,FALSE,TRUE
-0.02320299049,-0.03344479268,-0.03729131021,0.5219697478,0.1858785743,0.2914956444,0.7501716018,0.9077148438,rook,0.5154470111,0.1875018376,0.2857015141,-0.0125508986,0.01021488869,0.05506227088,0.006888673516,-0.06854877408,0.06191946459,0.3397989832,553,FALSE,FALSE,TRUE
-0.09531735992,-0.175963891,-0.138632802,0.3747258061,0.1051775634,0.298335126,0.9991889,0.91796875,rook,0.3747279902,0.1051756922,0.298335402,0.09531669843,0.1759598557,0.1386364452,0,0.0918241547,0.1059444832,0.2457031105,0,FALSE,FALSE,TRUE
-0.003328456952,0.05946917339,0.4985220736,0.438588555,-0.0309622369,0.2607658254,0.7083432674,0.908203125,rook,0.4197988542,-0.03880858184,0.2637795064,0.001244665545,-0.05064892242,-0.49450541,0.005543173891,0.0502539124,0.01880545696,0.3963109464,702,FALSE,FALSE,TRUE
0.001542042027,-0.03743312643,0.5782811281,0.4151790043,-0.04321209027,0.2623326526,0.8585145473,0.9130859375,rook,0.4022646123,-0.0482167901,0.2662883353,-0.002693206605,-0.05642925621,-0.5665719633,0.005123285543,0.04594400407,0.08171468149,0.37286752,861,FALSE,TRUE,TRUE
-0.03553796155,0.120843219,0.5586807901,0.3735739552,0.01892594577,0.2653803373,0.7682352066,0.9106445313,rook,0.359551712,0.005228427572,0.2652258997,-0.0404150392,-0.06893451066,-0.5618794246,0.005232314755,-0.02679865455,0.03689706121,0.3751145264,799,FALSE,TRUE,TRUE
0.01851196401,0.06585990032,0.6033249636,0.5403421736,-0.09051841967,0.2616683543,0.7090230584,0.9038085938,rook,0.4994774496,-0.09247507063,0.266551652,-0.02965734524,-0.1073000539,-0.6210881693,0.006751171735,0.1552671579,-0.0196452565,0.4341321946,480,FALSE,FALSE,TRUE
-0.0006310012394,-0.1612983248,0.5925183505,0.4107655092,-0.05073484573,0.2598728968,0.9179131985,0.9155273438,rook,0.4197570971,-0.0690238566,0.2698446654,0.6146558945,0.05076624196,-0.4880941105,0.01095332107,0.001283954705,0.08511620842,0.3173015524,230,FALSE,TRUE,TRUE
-0.07120636853,0.09913286798,0.6075944276,0.4595175901,0.1310877571,0.2515688986,0.7541019917,0.875,rook,0.4427083524,0.09830298013,0.2598273593,0.001454423307,-0.004102823961,-0.5014872753,0.005204766139,-0.1237697776,0.02455737886,0.4449906626,693,FALSE,TRUE,TRUE
-0.04251934998,0.1203539566,0.6313408671,0.4269590358,0.1104722261,0.2575304073,0.7454819679,0.8984375,rook,0.407642733,0.09051806305,0.2605641123,-0.03940059535,0.04478012431,-0.7789695744,0.0056051288,-0.07425310615,-0.004570051219,0.4608887357,607,FALSE,FALSE,TRUE
-0.09008388159,0.1777042095,0.5760698273,0.3846308695,0.115472544,0.2632856101,0.7342793941,0.9106445313,rook,0.3730614488,0.09595192496,0.2622667021,-0.05151840756,-0.01486687974,-0.629691242,0.006010199215,-0.1020537075,0.01033704765,0.4316777038,550,FALSE,TRUE,TRUE
0.02380620704,-0.1397180332,0.5321895188,0.4641904824,-0.1120107163,0.2658311511,0.9436503053,0.9140625,rook,0.4527744752,-0.1058059388,0.2674803882,0.002570969201,-0.1034174541,-0.5024457068,0.005619472413,0.1296940708,0.06894249188,0.319214834,1182,FALSE,TRUE,TRUE
-0.07062702114,0.065766068,0.6282953715,0.4294387315,0.1044101623,0.2578327416,0.8080722094,0.8974609375,rook,0.4190825356,0.07708565626,0.2615667428,-0.003124823308,-0.02542910959,-0.6563502666,0.00544436257,-0.1175414602,0.04124828139,0.4086185398,668,FALSE,TRUE,TRUE
-0.001303281078,0.05562806176,0.5759110587,0.4927211895,-0.01588443189,0.2585013791,0.7081110477,0.89453125,rook,0.4741271956,-0.02677022639,0.2627700105,0.006005305685,-0.008795630243,-0.5864257577,0.005080585959,0.01721944218,0.0362049264,0.3899980158,801,FALSE,TRUE,TRUE
-0.002478704846,0.1447146149,0.6006394373,0.4136639862,-0.05666759739,0.2602815652,0.8727611303,0.912109375,rook,0.3890376845,-0.06503727826,0.2672482673,-0.02139729481,-0.04597401201,-0.6102406589,0.005921519344,0.05795823768,0.03853733487,0.367120018,767,FALSE,FALSE,TRUE
0.006178764591,0.1450424645,0.5912984317,0.4134290018,-0.05677984812,0.2602740628,0.8670438528,0.912109375,rook,0.3880619408,-0.06567933794,0.2670732329,-0.01833941423,-0.06048770745,-0.5908691197,0.005834892505,0.05839004934,0.03861587861,0.3668783491,784,TRUE,TRUE,TRUE
0.0290089271,-0.1310585603,0.541415618,0.4421384254,-0.08105426778,0.2689041561,0.9960036874,0.908203125,rook,0.4347357285,-0.07705871859,0.2667395746,-0.0009547863227,-0.07638143507,-0.5340872464,0.005422638675,0.09192628493,0.07037682912,0.3181733545,1047,TRUE,FALSE,TRUE
-0.03004483051,0.1893164435,0.6531553627,0.3728378587,0.0768585053,0.2650634053,0.7575463057,0.9091796875,rook,0.3628773579,0.05998549185,0.2637022649,-0.02621759325,0.0212876082,-0.7257187709,0.005382377162,-0.07552508276,0.02413989029,0.4037498362,806,TRUE,TRUE,TRUE
-0.04057749918,0.03837715883,0.6378546668,0.4324804137,0.06337609925,0.2495291791,0.885486722,0.9067382813,rook,0.4123286181,0.03995322172,0.2626625992,-0.005529169513,-0.03917231136,-0.6274665414,0.005197303442,-0.03151420887,0.05763308792,0.3945944679,1302,TRUE,FALSE,TRUE
-0.03625198656,0.1011955315,0.6815301263,0.3854091841,0.126055269,0.253489345,0.8233636618,0.9096679688,rook,0.3787478145,0.1225836304,0.2666935846,-0.1708952443,0.2585148871,-0.6991195607,0.006958679627,-0.1099002346,0.06531268824,0.4421826974,663,TRUE,TRUE,TRUE
-0.05772519799,0.2159051496,0.5862697491,0.3458838098,0.1700813734,0.2795492164,0.7940006256,0.90234375,rook,0.3464883535,0.1599081383,0.260367122,0.07075180506,-0.214160535,-0.5817840869,0.007454199583,-0.1695466153,0.003776735305,0.4241539028,452,TRUE,FALSE,TRUE
-0.04701095457,0.1931104603,0.5931413904,0.3669115118,0.05938603536,0.2649874615,0.9362157583,0.912109375,rook,0.352188253,0.0391640018,0.2638270612,-0.01537765944,-0.008386107024,-0.4895377723,0.004845225086,-0.06420140592,0.03131831564,0.3910737851,1333,TRUE,FALSE,TRUE
-0.0468951271,0.1560161747,0.5975263678,0.3685516979,0.06031056293,0.260720703,0.8787084818,0.9106445313,rook,0.3510136774,0.03763382817,0.2628747644,-0.0280256249,-0.01130370924,-0.6510660407,0.004713875854,-0.06372487607,0.03381447732,0.3950715959,938,TRUE,FALSE,TRUE
-0.01177139529,0.001329318564,0.6054332646,0.3786606947,-0.03769060773,0.2681425544,0.9874404669,0.9140625,rook,0.3631665924,-0.04233341102,0.2677054254,-0.05468268308,-0.08017270521,-0.6075948632,0.005728526608,0.0228156493,0.04514414168,0.3488854098,856,TRUE,TRUE,TRUE
0.009352447378,0.1360730942,0.568086663,0.5011136829,-0.07377837677,0.2613338789,0.8494200706,0.8979492188,rook,0.4688402344,-0.07692812587,0.2638803307,-0.08446451314,-0.1889072477,-0.5520906107,0.006822959704,0.1199155196,-0.003248204324,0.4165128522,590,TRUE,TRUE,TRUE
-0.05579620322,0.1699746367,0.6126757589,0.3927029201,0.1565615457,0.2561963944,0.73802948,0.9018554688,rook,0.3801555023,0.126511207,0.2628048882,-0.02103047807,-0.03026618869,-0.5726745734,0.005472635985,-0.1319282828,0.05169664814,0.4107871545,709,TRUE,TRUE,TRUE
0.008255495873,0.1125430295,0.6181788255,0.4439440114,0.1656361737,0.2575556698,0.7503062487,0.8969726563,rook,0.4320805298,0.1712589796,0.2678276218,-0.3086980934,0.3784157768,-0.5615355626,0.007501495308,-0.1112106427,-0.02602701182,0.4996571304,483,TRUE,FALSE,TRUE
-0.1227403948,0.1845675856,0.6338922698,0.4025374058,0.174607371,0.2743730302,0.9683477879,0.888671875,rook,0.4116250619,0.1618949351,0.2571272096,0.1156052064,-0.1647634614,-0.5576301966,0.00695956064,-0.1921260114,0.02376129459,0.4167203756,493,TRUE,FALSE,TRUE
-0.05786399192,0.05185463237,-0.05257474055,0.5152060292,0.08834459313,0.2816838933,0.754684031,0.8920898438,rook,0.4991448876,0.1063355769,0.2840478664,-0.03385484807,0.002714066847,0.07333755653,0.007310924769,0.002699943312,0.04403926395,0.4052548427,731,TRUE,TRUE,TRUE
-0.02882335224,0.1990079886,0.4923236122,0.4332095464,0.06138275724,0.2526243634,0.7519284487,0.8999023438,rook,0.4067114874,0.03705230647,0.2611908399,-0.02063445865,-0.04166318736,-0.4689587596,0.005560747214,-0.02890215497,0.006753272941,0.443087825,943,TRUE,TRUE,TRUE
0.01196295349,0.1452386863,0.6122993885,0.4395639706,-0.0561680122,0.2643428019,0.8404713869,0.91015625,rook,0.4159349095,-0.06341850009,0.2659390811,0.005042619924,-0.06512901488,-0.6086364174,0.006175972821,0.0715209982,0.02110705826,0.3823294952,619,TRUE,TRUE,TRUE
-0.04778225724,0.1857299804,0.5592732205,0.4169588933,0.1429736358,0.2548063398,0.7066877484,0.900390625,rook,0.3979812329,0.1090038286,0.2741159168,-0.3730594092,0.6498714357,0.3514838644,0.00579843505,-0.1060489563,-0.005617923779,0.4717739822,504,TRUE,FALSE,TRUE
-0.07423330367,0.2123567886,0.6298946544,0.3793129865,0.1251273947,0.2610759661,0.753356576,0.9077148438,rook,0.3626262779,0.09865319183,0.2621372097,-0.04515057426,-0.03628927136,-0.875336568,0.005513995588,-0.1118816422,0.01299668149,0.4343166733,618,TRUE,FALSE,TRUE
-0.01751903475,0.08122806641,-0.07078718621,0.4825352834,0.1394766708,0.2917967676,0.8689540625,0.900390625,rook,0.4727536219,0.1456897535,0.2944996061,0.5034421361,0.3933916994,0.02629617933,0.00597685069,-0.008346623875,0.05499865364,0.34566636,581,TRUE,TRUE,TRUE
-0.05156316978,0.2114003524,0.5501461878,0.4088364168,0.02834694467,0.260497192,0.8841389418,0.9077148438,rook,0.3882264675,0.008971563356,0.2627011196,-0.02116167669,-0.05721998238,-0.4994502269,0.005306573544,-0.01517975938,0.02041547445,0.4060542369,785,TRUE,FALSE,TRUE
-0.03777266101,-0.2129028135,0.6411615365,0.3537498805,0.01438251439,0.26133968,0.8457642794,0.9072265625,rook,0.3653899852,-0.008428865255,0.2696711466,-0.6703889905,0.0719918757,0.4481286146,0.01020569381,-0.03512054947,0.0998267101,0.3109011566,43,TRUE,TRUE,TRUE
0.03068320126,0.07805223261,-0.05390759356,0.5021785029,-0.00775577658,0.2844069136,0.8509063721,0.8793945313,rook,0.519142643,-0.004523143932,0.2929969766,0.2994748364,0.5228061014,0.1052931952,0.008028493487,0.07656817283,0.01579208838,0.4613719927,304,TRUE,FALSE,TRUE
-0.03651555117,0.1074452486,-0.04355010855,0.4998309154,0.07721889407,0.2891648682,0.8459226489,0.8857421875,rook,0.4884087647,0.07936798719,0.2811932266,-0.05412729629,-0.04418842672,0.1117777555,0.006784235195,-0.03093484216,0.08212691991,0.3494361266,731,TRUE,TRUE,TRUE
0.007782733318,0.03877197817,-0.122455283,0.4185498835,0.004159409096,0.2860149232,0.8917409778,0.90625,rook,0.4183246785,0.02445997384,0.2867339387,-0.02781199098,0.01219101454,0.141428852,0.007115597561,0.1282381094,0.08153110516,0.3972103341,486,TRUE,FALSE,TRUE
0.01537122685,0.03452802038,0.6048028858,0.381575966,-0.06945257974,0.2707454635,0.8859588504,0.9140625,rook,0.3682010273,-0.06931982259,0.2665644689,-0.08043954784,-0.1885461586,-0.6149473636,0.005712868625,0.05057609911,0.04895262991,0.3335461548,1073,TRUE,TRUE,TRUE
-0.1603848247,0.03873960571,0.8756205365,0.4077908083,0.04786753731,0.2578921544,0.9393146038,0.9096679688,bishop,0.4044540626,0.03628954359,0.2618419737,7.26E-05,-0.003968266942,-0.8867866209,0.0055042929,-0.03196745884,0.01927880924,0.4167196337,554,FALSE,TRUE,TRUE
-0.1770612333,0.01238482924,0.8833494615,0.4068375425,0.1176360016,0.2622395373,0.948987782,0.9086914063,bishop,0.4080508301,0.1080870337,0.2609032749,-0.2319100575,-0.06951109159,-0.881723333,0.005606308038,-0.09116981849,-0.0001658819708,0.4484466282,523,FALSE,FALSE,TRUE
-0.19421345,0.006226299068,0.8659805249,0.4245250889,0.1017431085,0.2651661575,0.9734560251,0.9091796875,bishop,0.430420506,0.09825041964,0.2602158822,-0.05638632793,-0.03236747323,-0.8902340426,0.005254939362,-0.06853601844,-0.008478187922,0.4505336162,503,FALSE,TRUE,TRUE
-0.2229929341,0.01138000281,0.8531136502,0.3639759548,0.1492076093,0.2528770393,0.9293732643,0.9091796875,bishop,0.3690160705,0.1543108927,0.259975015,0.09646944493,0.2986498647,-0.8628380624,0.008582576643,-0.1398138615,0.02156659623,0.4404889051,558,FALSE,FALSE,TRUE
-0.1629959065,0.006627844428,0.909335813,0.5006716234,-0.06779940245,0.267729311,0.8120776415,0.908203125,bishop,0.4950616615,-0.07089551301,0.2612867203,-0.1016894082,-0.04597224438,-0.916134354,0.008379017765,0.1140065185,-0.009555925763,0.4156463551,432,FALSE,FALSE,TRUE
-0.1997859078,0.01632479419,0.8572274834,0.3806800043,0.1106025473,0.2596646413,0.9397435188,0.91015625,bishop,0.3811297106,0.0995094644,0.2600784533,-0.1440064679,-0.02274803007,-0.8733673344,0.005738125193,-0.09972404752,0.0170955307,0.4288007938,537,FALSE,FALSE,TRUE
-0.2569062757,0.06651017126,0.7667326185,0.3436312434,0.1316070758,0.2711756092,0.9074257016,0.908203125,bishop,0.3572407085,0.1329825701,0.2591093568,-0.1047940909,0.001570458719,-0.8248280079,0.006501279151,-0.1386767484,0.07055774313,0.4075621842,861,FALSE,FALSE,TRUE
-0.2281691732,0.0432644505,0.8019096652,0.3920189281,-0.07883974027,0.2660710183,0.9931325912,0.908203125,bishop,0.3920160663,-0.07883367287,0.2660686656,0.228169416,-0.04325618396,-0.801908231,0,0.06319259799,0.09804590479,0.2874300327,0,FALSE,FALSE,TRUE
-0.2565546958,0.00176104831,0.8384266692,0.511773438,-0.01505975934,0.2574273057,0.7460619211,0.9008789063,bishop,0.4997226477,-0.02187362863,0.2624642633,-0.03477656759,-0.02688916027,-0.8365076691,0.006368634268,0.07542799611,0.03014158121,0.4539912235,633,FALSE,TRUE,TRUE
-0.1191517084,0.003191044302,0.9148068576,0.3706726211,-0.07839305966,0.2650948211,0.998039186,0.91796875,bishop,0.3633912406,-0.07877121878,0.2679946183,-0.08912818397,0.0166285197,-0.9097905925,0.005908128055,0.05277043574,0.06078131425,0.3247277334,925,FALSE,FALSE,TRUE
-0.0785690058,0.02047276456,0.9258366104,0.3727586272,0.03267030108,0.260622187,0.8883839846,0.9091796875,bishop,0.3644885763,0.02268691304,0.2649331186,-0.02377302532,0.04567070519,-0.924839812,0.005425004062,-0.03822068726,0.03804903573,0.3840088134,674,FALSE,TRUE,TRUE
-0.1468004798,-0.006768291244,0.9327316107,0.5030530298,-0.09438334901,0.266094409,0.9800544977,0.9067382813,bishop,0.49843502,-0.09004022174,0.2660901497,0.007391629129,-0.01732883548,-0.9441150417,0.006179242343,0.1363058669,0.04513352637,0.3538821602,740,FALSE,TRUE,TRUE
-0.273470099,-0.01570014596,0.8117996823,0.3857701994,0.02903121247,0.2701708974,0.8859345913,0.9047851563,bishop,0.3988771418,0.03637208498,0.260972903,-0.01705337597,0.02068171841,-0.8291955366,0.005347391325,-0.029859375,0.02414088319,0.3855944747,597,FALSE,FALSE,TRUE
-0.1385602862,0.03293317839,0.8857548641,0.4680793657,0.1064779414,0.2587166764,0.9501234889,0.8837890625,bishop,0.4662014718,0.09785051012,0.2611076711,-0.08211334332,-0.01491234518,-0.8921909395,0.00620677306,-0.04954368688,0.02193514476,0.4345789887,506,FALSE,TRUE,TRUE
-0.2218895639,-0.05518761639,0.8723225912,0.4810950492,0.02304832475,0.2653213906,0.7406018972,0.8833007813,bishop,0.4850196285,0.02707973614,0.2631103206,0.01214304276,0.005024290022,-0.8943146407,0.005630612508,0.02711757013,0.03044394148,0.4481526319,473,FALSE,TRUE,TRUE
-0.2310340628,0.0291760731,0.779653016,0.3549684217,0.08679003315,0.2642314284,0.8683025837,0.9047851563,bishop,0.3652862117,0.08534843936,0.264920891,-0.02603659808,0.0265760059,-0.7835719073,0.005490207075,-0.09476953638,0.080368061,0.396142173,995,FALSE,FALSE,TRUE
-0.175629154,0.06207518126,0.7973845609,0.344652559,0.135270272,0.2742956711,0.8672013283,0.900390625,bishop,0.3583655723,0.1351757232,0.2614323096,-0.2537715657,-0.1001062483,-0.8045050221,0.005809303653,-0.1414638209,0.06642551759,0.4082091337,797,FALSE,FALSE,TRUE
-0.2739617061,-0.0920867413,0.8584828725,0.4230769947,0.1126234533,0.2834268054,0.7281926274,0.8876953125,bishop,0.4453443362,0.132790197,0.2505490961,-0.2767127467,-0.07157794649,-0.8428609095,0.007805284224,-0.07997274208,-0.02519161023,0.4450102857,171,FALSE,FALSE,TRUE
-0.2270633383,-0.02967873575,0.8927667248,0.5096383507,-0.08177107017,0.2641103513,0.785368681,0.8974609375,bishop,0.5026692903,-0.08010501349,0.2612386412,0.03630603341,-0.02044639957,-0.9058087124,0.008091956858,0.1309756185,-0.008483666991,0.4165146069,442,FALSE,FALSE,TRUE
-0.2042603977,0.02808957045,0.8480628686,0.465473961,-0.04525519922,0.2515516186,0.8233370781,0.9013671875,bishop,0.4565954525,-0.04823790522,0.2654694155,-0.007545710191,0.01244097778,-0.8501853288,0.005171500602,0.07632818333,0.06552187123,0.4112840136,648,FALSE,TRUE,TRUE
-0.2589456544,0.2009185683,0.8954338168,0.4593754365,0.1021040258,0.2994050898,0.7782746553,0.896484375,bishop,0.4794474518,0.07208847483,0.2850481214,-0.05009830253,0.006209085623,-0.9103735355,0.008027313287,0.03317755468,0.04095319669,0.3535140773,337,FALSE,FALSE,TRUE
-0.2138078052,-0.02744486588,0.8804273473,0.5122809177,-0.03616039315,0.2660528744,0.8583316803,0.87890625,bishop,0.5100415126,-0.03492971056,0.2615773414,-0.01192734911,-0.02809926237,-0.902929266,0.007556395004,0.09250748545,0.02719178046,0.4390485804,463,FALSE,TRUE,TRUE
-0.175499674,-0.02297221863,0.8603280505,0.4001805923,0.05671299321,0.2614362651,0.9352127314,0.9072265625,bishop,0.4022199706,0.05376716951,0.2640218909,-0.01380581298,0.03294173422,-0.8765001006,0.0054151532,-0.04507386312,0.06693156735,0.4128795747,546,FALSE,FALSE,TRUE
-0.109230741,0.0261409845,0.9222465729,0.4032015843,0.01380818258,0.2594545444,0.9974562526,0.9033203125,bishop,0.398523746,0.006774025168,0.2637834399,-0.04155264145,0.005056171997,-0.9303207033,0.0051886306,-0.007285432199,0.07548060525,0.344803734,883,FALSE,TRUE,TRUE
-0.1255660552,0.01850464863,0.9147286286,0.4859593,0.02723083879,0.2607574822,0.8051799536,0.8872070313,bishop,0.4827058558,0.0220917087,0.2614975205,0.02343740757,-0.002037132294,-0.9216344892,0.005699858754,0.02751741422,-0.01830436967,0.4570410135,495,FALSE,TRUE,TRUE
-0.1262230694,-0.03171678537,0.9472761618,0.3985395478,-0.07316277651,0.2599376499,0.9726648331,0.912109375,bishop,0.387495427,-0.07461895045,0.2656495371,-0.03332500586,0.01533280711,-0.9453154866,0.004975707614,0.06402001257,0.05027588292,0.3489591585,980,TRUE,TRUE,TRUE
-0.1330320345,0.05975398465,0.8606280617,0.3836771154,0.109894371,0.2561008391,0.7434903383,0.9096679688,bishop,0.3815894962,0.09587381538,0.2608794374,-0.02974641234,0.02326730551,-0.8593853268,0.005639073668,-0.09648555556,0.01849244261,0.4324343736,483,TRUE,TRUE,TRUE
-0.2428888454,-0.05358906091,0.8624290022,0.454289955,0.1424410231,0.2649948099,0.7372967005,0.9125976563,bishop,0.4597272844,0.1427102371,0.2567290548,-0.07515002951,-0.01060237227,-0.8902084972,0.00828748177,-0.08730321514,-0.03275556771,0.4908567472,329,TRUE,TRUE,TRUE
-0.1780591702,-0.05086635407,0.8917060315,0.4149651721,0.1132030359,0.2566358755,0.8142842054,0.9116210938,bishop,0.4093565028,0.1022521248,0.2592762179,-0.1482858285,-0.03016386421,-0.8943406028,0.005474022757,-0.08252954684,0.0005946762313,0.454537153,551,TRUE,TRUE,TRUE
-0.1122728829,0.01066723738,0.9114679762,0.3750646139,0.03606065943,0.2584394173,0.7423627973,0.9111328125,bishop,0.3650784261,0.02358358491,0.2624160469,-0.05039458364,0.01680225436,-0.9127434636,0.004921959141,-0.03987602677,0.03748563859,0.3884675993,737,TRUE,TRUE,TRUE
-0.1899507727,0.06463023893,0.8614505122,0.4632333132,-0.05986642938,0.2569308159,0.9856376648,0.8999023438,bishop,0.4570223873,-0.06407899529,0.2662897771,-0.00306570726,-0.02030462423,-0.8765205679,0.005336682619,0.0876423502,0.0656569134,0.3994197311,691,TRUE,FALSE,TRUE
-0.137114909,0.03508040159,0.901152566,0.4329485532,0.03575302919,0.2609847664,0.9053919315,0.9057617188,bishop,0.4331070516,0.03061628053,0.2630931183,0.03011994547,0.01796125486,-0.9144318744,0.004841532957,-0.009180017617,0.05589328296,0.4248780332,609,TRUE,TRUE,TRUE
-0.1462934624,-0.02600062264,0.9098513515,0.3722573432,0.1478034529,0.253585028,0.7853009701,0.9057617188,bishop,0.3709267404,0.1524662048,0.2601456116,0.02740268288,0.3315971977,-0.8721749219,0.009816471375,-0.1341516687,0.01695487035,0.4449768455,528,TRUE,TRUE,TRUE
-0.1751585837,-0.0148827533,0.9046293351,0.3767878243,-0.0834411248,0.2647630626,0.8124946356,0.9096679688,bishop,0.3754779868,-0.08009927939,0.2682373985,-0.09199433715,0.03883002779,-0.9055968051,0.00509763291,0.05954104634,0.1088719634,0.3255301451,1085,TRUE,TRUE,TRUE
-0.2041319959,-0.05027819818,0.90939581,0.4829468766,0.02753653219,0.2603026256,0.8762141466,0.912109375,bishop,0.4823278342,0.02755623455,0.2595125003,0.1397486224,0.0375343626,-0.9209361251,0.006285260046,0.02548371142,-0.01634141308,0.4555297103,346,TRUE,TRUE,TRUE
-0.2340606521,-0.01033462174,0.838702762,0.4832819938,0.1186457525,0.2596454612,0.7538325787,0.9077148438,bishop,0.4845042161,0.1035990966,0.262436079,-0.3411988765,-0.2049575354,-0.7871301779,0.006642370379,-0.1009883669,0.008076469826,0.4501761743,459,TRUE,FALSE,TRUE
-0.1793408373,-0.002150057464,0.8812545846,0.4406026031,0.09754230724,0.2618802755,0.958327651,0.9086914063,bishop,0.4425991143,0.09435912608,0.2600161897,-0.05306063518,0.01548240866,-0.8977866904,0.005807454201,-0.05591409625,-0.01240614132,0.4611577206,473,TRUE,TRUE,TRUE
-0.1181423007,0.01367084622,0.9300730292,0.3833183409,0.06096824192,0.2644658921,0.7805084586,0.90625,bishop,0.3793554394,0.05415214326,0.2611920657,-0.04142287766,0.0268593197,-0.935362486,0.005186522388,-0.05671408776,0.02242801032,0.4029936772,615,TRUE,TRUE,TRUE
-0.1430888244,0.005623322251,0.92010552,0.3754243512,-0.06979913724,0.2693141435,0.9845380783,0.91015625,bishop,0.3765687211,-0.06773597974,0.2665207566,-0.114681035,0.00663012506,-0.9242390994,0.004719434215,0.04602681368,0.102427726,0.3290963242,1135,TRUE,TRUE,TRUE
-0.1680478988,0.16136234,0.8601386593,0.3499808383,0.01782212717,0.2919663924,0.9880313873,0.9072265625,bishop,0.3577754678,0.008523823593,0.2840232893,-0.01877675871,-0.006870389262,-0.8872660371,0.006148813188,0.1710072324,0.04242341657,0.3420604674,891,TRUE,TRUE,TRUE
-0.2035516836,-0.00971174041,0.9081624768,0.4810795678,-0.1044675469,0.2640937222,0.9723536372,0.9130859375,bishop,0.4783349424,-0.10391152,0.2653691029,-0.003955474725,-0.001939463138,-0.9221282517,0.005229305094,0.08284432127,0.05804712711,0.3351377603,1259,TRUE,TRUE,TRUE
-0.2937308474,0.005373722541,0.8395763031,0.4875803938,-0.006916517718,0.2706842621,0.9634110928,0.9106445313,bishop,0.5015233834,-0.000821416841,0.2626190962,0.03695498604,-0.01243487436,-0.8671428146,0.006784780852,0.05360315134,0.02950512946,0.4346000189,418,TRUE,TRUE,TRUE
-0.201757813,-0.003817499908,0.8595891895,0.374319357,0.1051611249,0.2637210313,0.9679390192,0.912109375,bishop,0.3793239335,0.1019457254,0.2608280423,-0.03732717674,0.02552143498,-0.8840510991,0.005242131522,-0.09896986354,0.01767397563,0.4194326607,552,TRUE,TRUE,TRUE
-0.2694990296,-0.01126895453,0.8005059896,0.3476721799,0.1529954958,0.2584300488,0.9709634185,0.9145507813,bishop,0.3427753342,0.1377194613,0.2585008162,-0.3542911213,0.06109694583,-0.7285300573,0.007646561489,-0.152277276,0.02493306711,0.428548684,1240,TRUE,FALSE,TRUE
-0.2002058788,0.04376272089,0.8216114196,0.3379291179,0.1039357728,0.266576879,0.9203090668,0.9135742188,bishop,0.344393932,0.09898523255,0.2609185609,-0.07096110583,0.01795541222,-0.8248300552,0.005612164173,-0.1172787046,0.03457699397,0.3930806684,1382,TRUE,FALSE,TRUE
-0.1910244569,0.006112905191,0.8611639401,0.3672515349,0.04323629314,0.2629989087,0.9867898226,0.9077148438,bishop,0.3720324273,0.03667042864,0.2637354225,-0.03043546262,-0.009556911968,-0.8859450504,0.004974343032,-0.05148550206,0.08456871431,0.3334505138,993,TRUE,TRUE,TRUE
-0.1608185101,-0.003473263529,0.8928324383,0.4486906254,0.1374036403,0.2589307096,0.969440937,0.8852539063,bishop,0.4470466575,0.1280319295,0.2615446369,-0.1836925751,-0.07541486877,-0.8885067827,0.006001784026,-0.08536153947,0.02505920214,0.4374248307,555,TRUE,FALSE,TRUE
-0.2769364471,0.2781003747,0.9110440432,0.4985233613,0.07931635941,0.2873301373,0.7283679843,0.8969726563,bishop,0.5103535738,0.06056678341,0.2838464531,0.07135163603,-0.04923654404,-0.9961913547,0.006626678588,0.0189005609,0.08813646001,0.3976733129,453,TRUE,TRUE,TRUE
-0.1826080822,0.01948998307,0.8589189803,0.4105697043,0.01023847685,0.2621495546,0.7777231932,0.9135742188,bishop,0.4104074275,0.007678503725,0.2615125707,-0.009147186682,0.002240028001,-0.8649727848,0.005337717922,0.0007249992167,0.02224093541,0.3971929572,617,TRUE,TRUE,TRUE
-0.1857205187,0.2161894875,0.9108314317,0.4171097904,-0.04352599621,0.2981227548,0.8044779897,0.8935546875,bishop,0.4310064318,-0.06999474183,0.2844213427,0.002112826858,0.006562015719,-0.9680791037,0.008182647649,0.1605443806,0.05675989107,0.4249279362,319,TRUE,TRUE,TRUE
-0.1074238585,0.04702517917,0.5138613578,0.3801825073,0.06250968779,0.2907243456,0.7803533077,0.9116210938,pawn,0.3817757245,0.04211717648,0.2836193549,0.02325113023,-0.01606294411,-0.5237290846,0.005090161569,0.1183114934,0.05130449591,0.3317570234,412,FALSE,FALSE,TRUE
-0.1566498005,-0.02577561706,0.9504495418,0.4033669152,0.0872304702,0.2503191055,0.7185983658,0.8979492188,pawn,0.3951087765,0.07971644045,0.2607496511,-0.07933156645,-0.04846875687,-0.9482268815,0.004053678146,-0.06647128525,0.01787711106,0.4374070041,418,FALSE,TRUE,TRUE
-0.2568719381,-0.1347543041,0.8166570387,0.3848405864,0.03484905954,0.266157863,0.747564435,0.90234375,pawn,0.3929604268,0.03929301902,0.262056317,-0.03367449151,-0.0130972182,-0.877156229,0.003938262439,-0.03468440645,0.02712429553,0.3902081199,467,FALSE,FALSE,TRUE
-0.2166295679,0.01088270182,0.3175292959,0.4546941868,0.005672274238,0.2761163172,0.809566021,0.8950195313,pawn,0.4444422576,0.008358056312,0.2837046608,-0.1243892253,-0.02019592278,-0.3150655462,0.005747947637,0.1030802221,0.03571585185,0.4240196138,284,FALSE,FALSE,TRUE
-0.1652116639,-0.1245688861,0.8380081013,0.3821295789,0.01219274413,0.2638478833,0.9349725842,0.90234375,pawn,0.3867565773,0.01533810621,0.2654683503,-0.04981204918,0.01789684331,-0.8736000876,0.005113707673,-0.01643416745,0.0354453991,0.3782910293,362,FALSE,TRUE,TRUE
-0.1576091883,-0.08288470663,0.4506958178,0.4017710336,-0.05910538779,0.2895191368,0.7788724303,0.830078125,pawn,0.3947196536,-0.0820682423,0.2807817622,0.270528453,0.02186802797,0.4363287989,0.008976835517,0.1845533064,0.01348924337,0.4291983091,125,FALSE,FALSE,TRUE
-0.1708830814,-0.2164793442,0.8227158436,0.4602483253,-0.02966315873,0.2686171212,0.7726536989,0.9150390625,pawn,0.4763125917,-0.0256463056,0.2629868453,-0.01494172263,0.01239787613,-0.8611628097,0.004052508789,0.06015751035,0.0008535643481,0.4070402011,411,FALSE,FALSE,TRUE
-0.1539699536,-0.03850247754,0.3011828214,0.3967854541,-0.03843841362,0.2732727001,0.802999258,0.8984375,pawn,0.383926379,-0.02905706814,0.2854200326,0.001180378828,-0.005425095319,-0.2954701388,0.005149160151,0.1757297696,0.03556696916,0.4172357087,624,FALSE,FALSE,TRUE
-0.2401155865,-0.1797130306,0.8322535287,0.3682523076,0.0782633957,0.2634124108,0.8963229656,0.904296875,pawn,0.374871777,0.08575478074,0.2640134819,-0.04704679768,0.009877135935,-0.9042423586,0.005137829874,-0.07916355525,0.02701447618,0.4021411809,340,FALSE,FALSE,TRUE
-0.1079715977,-0.1966536912,0.7820898715,0.3826730927,0.04074815679,0.2666743122,0.9509202242,0.9018554688,pawn,0.3857413725,0.04643549132,0.2649868133,-0.05005415507,-0.04127515122,-0.8295462,0.004655088359,-0.04146936595,0.074961448,0.390463921,432,FALSE,TRUE,TRUE
-0.1347890871,-0.2491242909,0.8187172863,0.428881415,0.06975101362,0.2705311088,0.8862666488,0.8955078125,pawn,0.4486585638,0.09159072935,0.2633009345,-0.09850011751,-0.0005421594374,-0.8850948967,0.00629133786,-0.03993125132,-0.007156874315,0.4347355808,246,FALSE,FALSE,TRUE
-0.1474386004,-0.1925035048,0.7425028662,0.4566690973,0.02557129032,0.2673237561,0.8323047161,0.900390625,pawn,0.4765434963,0.03557746358,0.2611611935,-0.1264221872,-0.1671091477,-0.8097875923,0.006615399769,0.01160859168,-0.008880115819,0.4329049144,233,FALSE,FALSE,TRUE
-0.1134369847,-0.1459325939,0.8341918614,0.4012996982,-0.05928101118,0.2567566266,0.7435071468,0.8979492188,pawn,0.4009086524,-0.06202006459,0.2647026357,-0.03715812311,-0.01055891987,-0.8354832733,0.004270731156,0.05355810276,0.0478825685,0.3594626882,562,FALSE,FALSE,TRUE
-0.07882145544,0.1294811206,0.8010193497,0.3655431185,-0.01345427315,0.2968708025,0.8599899411,0.8842773438,pawn,0.352996915,-0.03680380743,0.2873905056,-0.103464318,0.1386450579,-0.8656862118,0.005810090786,0.1784454332,0.07427872981,0.3210971129,532,FALSE,FALSE,TRUE
-0.1878431226,0.02261782406,0.1877782003,0.398087356,0.08376149901,0.2808161941,0.9577078819,0.9130859375,pawn,0.3915832228,0.08514424657,0.2846977744,0.008270487154,0.01390109609,-0.3316883509,0.005719494872,0.09201150039,0.06374883804,0.3321816308,428,FALSE,FALSE,TRUE
-0.1737026298,-0.2395989118,0.8210875119,0.4289073062,0.02413543626,0.2604453522,0.9511632919,0.9116210938,pawn,0.4356886172,0.02671992527,0.262370578,-0.03691187797,-0.0351540171,-0.866827966,0.004613282157,-0.000862132692,0.0116681542,0.4174662335,385,FALSE,TRUE,TRUE
-0.0325801522,-0.2328540138,0.8411589307,0.4688730827,-0.05810636635,0.2625708348,0.9008840919,0.9125976563,pawn,0.4722482326,-0.06119741311,0.2655882908,0.2256674267,0.2954551916,0.8304432821,0.004478378371,0.08917027592,0.008134171404,0.401940494,581,FALSE,FALSE,TRUE
-0.1346596835,-0.1685713294,0.9246804663,0.481657444,0.08696137082,0.2551732558,0.8858425617,0.8774414063,pawn,0.4863930327,0.0895986541,0.2686872177,0.3547611058,0.6278528944,0.6582418702,0.005417774769,-0.02426638621,-0.0251429615,0.4871849249,133,FALSE,FALSE,TRUE
-0.2005117663,-0.08971003066,0.2698748178,0.4770190384,0.09331279338,0.27389346,0.9691438675,0.9047851563,pawn,0.4666408555,0.1013129962,0.2835915394,-0.07172949522,-0.01709914079,-0.2656394184,0.005456627165,0.02789743933,0.05938042016,0.3794217357,400,FALSE,FALSE,TRUE
-0.1188005153,-0.1793255661,0.8120106596,0.4747122755,-0.02261503514,0.2545289866,0.8112464547,0.9052734375,pawn,0.4684508629,-0.02872518603,0.2651079079,-0.08676414673,-0.1207597867,-0.8070496226,0.005005600043,0.0636202923,0.003535063131,0.4278843762,376,FALSE,TRUE,TRUE
-0.1860370437,-0.2296033075,0.8261355004,0.3751588221,0.04878187146,0.2708908288,0.7246536016,0.91015625,pawn,0.3839827992,0.05879731625,0.2620664526,-0.01737105242,-0.02427816057,-0.8546012725,0.004037493428,-0.05136679561,0.02467808965,0.3880726296,448,FALSE,TRUE,TRUE
-0.1922343137,-0.1513882269,0.9021628248,0.4262969056,0.09760180364,0.2573711292,0.8845559359,0.8798828125,pawn,0.4280032109,0.1010098987,0.2603226884,-0.03213902143,0.00566681369,-0.9310950967,0.003832074607,-0.06316955805,-0.001506080747,0.4540942954,376,FALSE,TRUE,TRUE
-0.1559251387,-0.06473703959,0.9121213955,0.4052337237,0.03074100007,0.2446101422,0.8482147455,0.9072265625,pawn,0.3938689587,0.01552933835,0.2632046722,-0.03986874305,0.028176215,-0.9193202389,0.00452407198,-0.01756878477,0.03475383351,0.4135795984,746,FALSE,TRUE,TRUE
-0.03892924184,-0.127423909,0.8011082674,0.4777811548,-0.002970757408,0.2472338967,0.8015729189,0.8979492188,pawn,0.474628694,-0.007634361244,0.2632715882,-0.0009104069992,0.09227689987,-0.7959091134,0.005120104236,0.04966711013,0.003538934126,0.4437794354,422,FALSE,FALSE,TRUE
-0.1151216739,-0.1038551307,0.9459040071,0.4168424991,0.1157746597,0.2526756579,0.8622640371,0.9096679688,pawn,0.4118640315,0.1107648101,0.2613383078,-0.04159186695,-0.08890165096,-0.9492538134,0.00585565538,-0.08306339705,0.002517587872,0.4593086397,287,FALSE,TRUE,TRUE
-0.1864316038,-0.2219549327,0.8348969101,0.4117961379,0.09113043605,0.2714508516,0.7284663916,0.9106445313,pawn,0.433150559,0.1124345565,0.26289796,-0.1357576336,-0.236139691,-0.8871658954,0.005606011562,-0.06777738513,-0.004519947411,0.4332742729,293,TRUE,TRUE,TRUE
-0.1179305015,-0.308089048,0.7948575496,0.460350927,0.03196073936,0.2607814754,0.7862324715,0.91015625,pawn,0.4615057321,0.03415256788,0.2633431124,-0.1740351925,-0.2152659529,-0.8593679191,0.005028618255,0.007399839511,0.04191013781,0.3912089611,510,TRUE,TRUE,TRUE
-0.2106230095,-0.02866236977,0.8456311967,0.4000049776,-0.002978351319,0.2595057112,0.8232373595,0.9018554688,pawn,0.4013207566,-0.007388359965,0.2642547484,-0.03479540528,-0.02791978223,-0.8934712159,0.004798972777,0.006157689965,0.03294503445,0.3850315131,419,TRUE,TRUE,TRUE
-0.08673319777,-0.1735318122,0.8007720987,0.3539394886,-0.02779039188,0.2632035894,0.7368153334,0.9057617188,pawn,0.3479764538,-0.03229243137,0.2640090571,-0.02306840217,-0.05398524782,-0.8365864034,0.003335512885,0.001819659933,0.05950644281,0.3398674143,1298,TRUE,TRUE,TRUE
-0.2166851407,0.06420282337,0.3365792817,0.4181067512,0.08193481975,0.2829805251,0.7282831669,0.91796875,pawn,0.4130366121,0.07252594906,0.2839584037,0.07170341489,-0.02174045019,-0.4612554938,0.005102759495,0.07851745655,0.05773876301,0.3458536296,371,TRUE,TRUE,TRUE
-0.1784425196,0.02960512904,0.48812201,0.480923464,0.001908082279,0.2868895891,0.8854916096,0.9067382813,pawn,0.4845927419,-0.009382733191,0.2858152352,-0.1211342344,0.02360837294,-0.5015227835,0.005654652017,0.08544633406,0.02001704335,0.4400996646,219,TRUE,FALSE,TRUE
-0.2113411286,0.05116227253,0.4928256265,0.3988339168,0.03866247776,0.2773204516,0.8575600386,0.9077148438,pawn,0.3932467504,0.03631430948,0.2860596645,0.0151845741,-0.02329681075,-0.4725598636,0.005420134696,0.1202042956,0.1032266173,0.3637672228,429,TRUE,FALSE,TRUE
-0.2184626112,0.003049186641,0.3300057528,0.3784905945,-0.0009750624283,0.2799969751,0.7952218056,0.904296875,pawn,0.3722456225,-0.001913646163,0.2857121465,0.06362114396,-0.006836290084,-0.3449666426,0.005162898435,0.163439006,0.04330100615,0.3775233767,553,TRUE,FALSE,TRUE
-0.2466051536,-0.1287863854,0.7713122303,0.379040423,-0.003740578605,0.2707802515,0.8837692738,0.9052734375,pawn,0.3865769427,-0.0003951732556,0.2649174011,-0.05893857432,-0.06997343073,-0.8413095719,0.004427832727,-0.005653514729,0.03491389525,0.3645066642,566,TRUE,TRUE,TRUE
-0.3433106995,-0.07723982425,0.4178720901,0.4621113886,-0.03999945457,0.2732343724,0.7527881265,0.9057617188,pawn,0.4578092241,-0.04283917689,0.2866984231,-0.06513584605,7.14E-05,-0.4036544785,0.005537876215,0.1267570512,0.07306731355,0.4598391455,269,TRUE,FALSE,TRUE
-0.1153106039,-0.2121380644,0.8229903462,0.475884592,-0.04111890406,0.2679149702,0.9300752878,0.8901367188,pawn,0.4880721458,-0.03954645388,0.2642626915,-0.08961469746,-0.03911614873,-0.8363776623,0.004864188747,0.07817729458,-0.003805335302,0.4121534632,375,TRUE,TRUE,TRUE
-0.1424825893,-0.237023147,0.8381140895,0.4197134822,0.02587414814,0.2658383236,0.8665709496,0.8959960938,pawn,0.4319257316,0.03514108135,0.2620038774,-0.06496455878,-0.09800415266,-0.901493421,0.004474069737,-0.007781659511,0.01149829837,0.4092620513,409,TRUE,TRUE,TRUE
-0.1606801273,-0.1569668545,0.8422082325,0.3865085284,0.04334901285,0.2632557655,0.8476486206,0.8984375,pawn,0.3869648639,0.04597139406,0.2629972792,-0.05359462407,-0.05041472987,-0.8763917453,0.004013803208,-0.04016795926,0.02590528594,0.3970156374,677,TRUE,FALSE,TRUE
-0.1139742841,-0.133641985,0.7687164466,0.4108339927,-0.02176033808,0.2596758274,0.8563467264,0.9013671875,pawn,0.409671456,-0.02531205299,0.2642020018,-0.04760896437,-0.02701982513,-0.7838093931,0.004186841382,0.0279187303,0.03211672111,0.3828424902,501,TRUE,TRUE,TRUE
-0.133105561,-0.09920795993,0.9032983123,0.4758219646,0.07187931368,0.2692739818,0.8773108125,0.8720703125,pawn,0.4900012683,0.08180954122,0.2664311865,0.2720127561,0.4067321546,0.828579168,0.005145465824,-0.01625675054,-0.03115093622,0.4676997586,260,TRUE,FALSE,TRUE
-0.1450956981,-0.2297476854,0.7606805682,0.4641438651,-0.08774466862,0.2689580676,0.7314328551,0.8696289063,pawn,0.4770000589,-0.09058512971,0.2652382681,-0.04741777646,-0.05435384106,-0.7784101843,0.004282580455,0.1107159228,0.01211843669,0.3804878678,464,TRUE,TRUE,TRUE
-0.09640278169,-0.0989031348,0.8985760148,0.4181243992,0.03202427776,0.2576119139,0.8827696443,0.896484375,pawn,0.4186868787,0.03057479415,0.2637306016,-0.01015465818,0.0154186561,-0.8977277965,0.004573640715,-0.01305457643,0.01765131366,0.4158235541,358,TRUE,TRUE,TRUE
-0.05782289388,-0.1824381307,0.8520743305,0.5153796446,-0.04691889763,0.2534083566,0.7187478542,0.91015625,pawn,0.5070030078,-0.05634575159,0.2649247494,-0.1426710501,-0.1322315944,-0.8601304853,0.006551948637,0.105912494,-0.01057106098,0.4436518318,279,TRUE,FALSE,TRUE
0.02378165051,-0.1637228845,0.8199542941,0.4750497391,-0.08904736572,0.2625606065,0.7340834141,0.9106445313,pawn,0.4790238477,-0.09219716829,0.2668217493,-0.03135902639,-0.005075413839,-0.8162097852,0.00478379313,0.1184595264,0.01210606021,0.3906323773,474,TRUE,TRUE,TRUE
-0.3219670124,-0.1175297947,0.2124985643,0.399863798,-0.1027818075,0.2855020124,0.9453952312,0.8974609375,pawn,0.3936815576,-0.1092116279,0.2826496298,0.3216092816,0.003786837386,0.1995631362,0.0119080676,0.2138082504,0.05291240732,0.4083213131,27,TRUE,FALSE,TRUE
-0.1702065367,0.06294735218,0.3677514297,0.3790637177,0.01664159594,0.2832228859,0.7882931232,0.912109375,pawn,0.3716188862,0.005526925013,0.2836084828,-0.1394172264,-0.02859818964,-0.45541629,0.005667778238,0.1509073664,0.04524318077,0.3647183984,367,TRUE,FALSE,TRUE
-0.2181259881,-0.135140777,0.2640170843,0.419624868,0.05587184457,0.2824692992,0.9440922737,0.9077148438,pawn,0.4193287598,0.04656460585,0.2865843558,0.01178225645,0.01569012358,-0.3510726644,0.006340915357,0.09481349671,0.05032939233,0.3647339385,264,TRUE,TRUE,TRUE
-0.2114994741,-0.0967759952,0.2742773281,0.3460664532,-0.02545058437,0.284399996,0.8691540956,0.9033203125,pawn,0.342351448,-0.04099025232,0.2849578219,0.05379093042,-0.02860458248,-0.2489582447,0.004663078697,0.2034387712,0.03765164574,0.3715438162,431,TRUE,FALSE,TRUE
-0.1125485885,0.06104801169,0.6235878096,0.3879595377,0.002867869589,0.2802968572,0.7590178847,0.8647460938,pawn,0.3800664747,0.000473742992,0.285725348,0.08154588006,-0.01425328281,-0.6322474781,0.005230385113,0.1537721364,0.04251993535,0.3809263642,328,TRUE,TRUE,TRUE
-0.130669065,-0.2766389602,0.7464333028,0.4364354539,0.007181748545,0.264622827,0.8055877686,0.8930664063,pawn,0.4450124644,0.01133636712,0.2670695896,0.005876641845,-0.03064892876,-0.8370753554,0.005669384787,0.01581522918,0.05817291681,0.4108650876,366,TRUE,TRUE,TRUE